pdb,bulge
1g59,
1yqk,
1e7k,
1mhd,
2ydh, 2ydh_0_1 2ydh_1_1
4boc,
1mhk,
1zfc,
1mht,
5js1,
5js2,
2va3,
2va2,
2atw,
2hhs,
2hhq,
2hhv,
2hhw,
2hht,
2hhu,
2bbv,
2hhx,
4iwr,
1j8l,
2ata,
1j8g,
2atl,
3ud4, 3ud4_0_1
4yvk,
4yvj,
2val,
1tw8,
2qwy, 2qwy_0_1 2qwy_1_1
3go8,
3go3,
3pv8,
1rep,
2p7f,
2p7e,
2p7d,
2w8l,
4ew0,
3gox,
3got,
3ngz,
3goo,
3gom,
3gog,
3gdd,
1b8i,
3b31, 3b31_0_1
2r5z,
2r5y,
5f26,
3b39,
1ilc,
2c2e,
2c2d,
1y6t,
4z59,
1y6s,
2c2r,
5d49, 5d49_0_1
1y6f,
1y6g,
5d46,
3bm0,
1r8d,
1zf2,
1zf0,
5cr2,
3kyl,
5cr0,
4dqi,
268d,
5d4b,
3qrp,
1v15,
5d4d,
1il2,
2c22,
5i9g,
5i9f,
3qrn,
5d4s,
1ljx,
2c28,
3qrf,
4dqr,
4dqq,
351d,
3s57,
117d,
4kq0,
4k9b,
4f43,
4f41,
2d95,
2d94,
3s5a,
4e10,
4f4k,
1jpq,
4k96,
4k97,
4k98,
4k99,
5ef6,
4c9d,
4tqr,
5ef2,
5ef3,
3iag,
4f4x, 4f4x_0_1
4f4y, 4f4y_0_1
3iab,
4f4w,
3pvv,
1xvk,
4m3i,
4p2h,
1xvn,
4m3t,
4m3u,
4m3v,
1xvr,
4m3r,
4m3x,
4m3y,
4m3z,
4pe8,
4evv,
2z75,
2z74,
2z70,
2oq4,
1zpi,
1zph,
4pei,
4peh,
4m30,
4p20,
4uuv,
3pu4,
4uus,
1nop,
1k61,
3tar,
3tap,
3taq,
3taf,
3tag,
3tae,
3tab,
3tan,
7mht,
4mf8,
4mf2,
1ynw,
3sm4,
1pfe,
1qrv,
2plb,
1qri,
4gxk,
4gxj,
4gxi,
4mfc,
472d,
4mfa,
4mff,
3klh,
4wx9,
3klv,
4nlk,
4nln,
4nlf,
4nlg, 4nlg_0_1
4nlz,
1aay,
3ez5,
274d,
3jps,
2xm3,
2x6v,
1ng9,
1em0,
3opi,
5kub,
3gx3, 3gx3_0_1
1ngt,
1emh,
1emj,
4b5m,
4qju, 4qju_0_1 4qju_1_1
1fw6, 1fw6_0_1
4b5g,
3dd2, 3dd2_0_2
2xma,
4pzi,
1ngm,
4b5r, 4b5r_0_1 4b5r_1_1
3mzh,
5cm3,
1urn,
4r55,
4r56,
1s9f,
1s9b,
3ltu,
3ltr,
4r5p,
2f8w,
2f8s,
1dqh, 1dqh_0_1
2f8n,
4o0i,
2f8k,
1dqf, 1dqf_0_1
4xzf,
154d,
4xzq,
1s97,
1sdr,
1sds,
1mnv,
1mnm,
1mnn,
1tqe,
2g5k,
1jk1,
1jk2,
2avh,
2avj,
4iuf,
3goj,
1jko,
1g75,
1jkp,
1jkq,
1jkr,
5f0q,
5f0s,
251d,
3b5a,
4u3p,
3b5f,
4u3l,
4u3o,
2npy,
2p5g,
3o8r,
3b5s,
4x2b,
2p5l,
2p5o,
368d,
2r7t,
2r7w,
2r7v,
4u38,
5fmp,
2r7r,
4u34,
4u35,
1h0m,
4u37,
2r7y,
2r7x,
3b58,
3gm7,
3g8u,
3g8x,
2np7,
2w89,
5tct,
4ds5,
4ds4,
3far,
2pn3, 2pn3_0_1 2pn3_1_5
2pn4, 2pn4_0_1 2pn4_1_5
1ijw,
353d,
3fa1,
4dse,
4dsf,
4xo0,
4dsl,
4z8f,
4dsk,
4dsj,
4ts0, 4ts0_0_2
4ts2,
115d,
2zcj,
5edw,
2ie1,
1t9i,
1t9j,
3s3o,
3s3n,
3s3m,
4f2r,
4f2s,
4f2x,
4f2y,
2ief,
5ed1,
1bf5,
1bf4,
3ice,
4f2j,
3ugm,
3ugo,
2uxc, 2uxc_0_1 2uxc_1_1 2uxc_2_1 2uxc_3_1 2uxc_4_1 2uxc_5_1 2uxc_6_1 2uxc_7_1 2uxc_8_1 2uxc_9_1 2uxc_10_1 2uxc_11_1 2uxc_12_1 2uxc_13_1 2uxc_14_1 2uxc_15_2 2uxc_16_2 2uxc_17_2 2uxc_18_2 2uxc_19_2 2uxc_20_3 2uxc_21_3 2uxc_22_3 2uxc_23_3 2uxc_24_3 2uxc_25_3
3ugp,
3hk2,
3ko2,
2pub,
429d,
4qc7,
2pug,
2puf,
1r3z,
1r3e, 1r3e_0_3 1r3e_1_3
1r3g,
4pgy,
1zvv,
1r3o,
4pgq,
2owo,
3skz,
218d,
460d,
3skw,
1a2e,
3ski,
4gz1,
4gz0,
3skl,
1yls,
4mde,
4mdf,
4gzn,
4mdx,
474d,
3kjp,
3k18,
272d,
5h1l,
3kjo,
2h1o,
4wzw,
4wzq,
2zy6, 2zy6_0_1
1aoi,
3k1v,
4ht4,
3koa,
4wzm,
3n4n,
3n4m,
4yoe,
4yov,
4yow,
4yoq,
4yox,
4yoy,
5cg9,
5cg8,
2xc9, 2xc9_0_1
4jv0,
2xc6,
4jv2,
3ovs,
4xno,
3kov,
3ova,
3ovb,
1fuf, 1fuf_0_2 1fuf_1_2
2e1c,
1r41,
1zns,
4jvy,
2xsd,
2xcs,
2xcp,
1esg,
7icr,
2ply, 2ply_0_1
2xca,
1v14,
419d,
5bol,
5bom,
2rve,
3lrn,
3ahu,
5box,
1dsz,
2cv5,
2cv2,
2cv1,
2cv0,
5kt3,
4fk2,
2kfn,
1sfu,
4dqs,
5i9h,
4o26, 4o26_0_1
302d,
4yr3,
4yr2,
4yr0,
1tsr,
2ve9,
1g1x, 1g1x_0_1 1g1x_1_2
4fvu,
4rc0,
5gki,
4yrv,
1jid,
5gke,
5gkg,
5gkf,
4is1,
5gkp,
2qsh,
3jr4,
253d,
5f6c,
2oj3,
1rio,
3gcy,
2oj0,
4eot,
2r1s,
1h2d,
2wiw,
1h2c,
2r1j,
1mlx,
3gv8,
3i0w,
3r7p,
4hdu,
3i0x,
2xs5,
4du3,
4lez,
4du1,
1cbv,
2pl8,
4du4,
2pl4,
1ihf,
1iha,
3auo,
1ihh,
1y26,
1y27,
1ih6,
1ih4,
1ih2,
1ih3,
4b5f,
1ih1,
5d8t,
3fc3,
2plo,
5d8l,
5d8k,
5d8h,
5d8f,
1krp,
5d8c,
1bdi,
1bdh,
1bdn,
4tu0,
4nw3,
1bdt,
1hzs,
1bdv,
4tu9,
4tu8,
5t83, 5t83_0_1 5t83_1_2
3s14,
113d,
2y8y,
1jt0,
3ie1,
3osp,
2y8w,
4xyq,
4wal,
4wan,
4tus,
4tur,
4tuq,
4tup,
4tuw,
5t8y,
3qei,
4c5x,
2a8v,
3uyb,
3cgs,
3iev,
3cgq,
3cgp,
1jtl,
3iem,
3g00,
3wvp,
3ger,
4m7a,
4m7d,
2uzk,
2geq,
5kg1,
3pih,
1vkx,
2uz4,
1ztg,
2ge5,
2z3x,
1ztt,
1ztw,
288d,
2oue,
1yj9, 1yj9_0_1 1yj9_1_1 1yj9_2_1 1yj9_3_1 1yj9_4_1 1yj9_5_1 1yj9_6_1 1yj9_7_1 1yj9_8_1 1yj9_9_1 1yj9_10_1 1yj9_11_1 1yj9_12_1 1yj9_13_1 1yj9_14_1 1yj9_15_1 1yj9_16_1 1yj9_17_1 1yj9_18_1 1yj9_19_1 1yj9_20_2 1yj9_21_2 1yj9_22_2 1yj9_23_2 1yj9_24_2 1yj9_25_2 1yj9_26_2 1yj9_27_2 1yj9_28_2 1yj9_29_2 1yj9_30_2 1yj9_31_2 1yj9_32_2 1yj9_33_2 1yj9_34_2 1yj9_35_3 1yj9_36_4 1yj9_37_11
4tqs,
1d5y,
5ef1,
3l8b,
3iay,
4mj9,
3tmm,
4f4z,
4oss,
1d54,
1d56,
1d57,
1a02,
476d,
1d53,
1d58,
1d59,
1yjw, 1yjw_0_1 1yjw_1_1 1yjw_2_1 1yjw_3_1 1yjw_4_1 1yjw_5_1 1yjw_6_1 1yjw_7_1 1yjw_8_1 1yjw_9_1 1yjw_10_1 1yjw_11_1 1yjw_12_1 1yjw_13_1 1yjw_14_1 1yjw_15_1 1yjw_16_1 1yjw_17_1 1yjw_18_1 1yjw_19_2 1yjw_20_2 1yjw_21_2 1yjw_22_2 1yjw_23_2 1yjw_24_2 1yjw_25_2 1yjw_26_2 1yjw_27_2 1yjw_28_2 1yjw_29_2 1yjw_30_2 1yjw_31_2 1yjw_32_2 1yjw_33_2 1yjw_34_3 1yjw_35_4 1yjw_36_11
1yjn, 1yjn_0_1 1yjn_1_1 1yjn_2_1 1yjn_3_1 1yjn_4_1 1yjn_5_1 1yjn_6_1 1yjn_7_1 1yjn_8_1 1yjn_9_1 1yjn_10_1 1yjn_11_1 1yjn_12_1 1yjn_13_1 1yjn_14_1 1yjn_15_1 1yjn_16_1 1yjn_17_1 1yjn_18_1 1yjn_19_1 1yjn_20_2 1yjn_21_2 1yjn_22_2 1yjn_23_2 1yjn_24_2 1yjn_25_2 1yjn_26_2 1yjn_27_2 1yjn_28_2 1yjn_29_2 1yjn_30_2 1yjn_31_2 1yjn_32_2 1yjn_33_2 1yjn_34_2 1yjn_35_3 1yjn_36_4
4nh6,
4nh5,
3khr,
4nh3,
3t86,
4qno,
3khl,
3khh,
270d,
3khc,
1wto,
1wte,
1wtx,
3si6,
3si8,
1wtv,
1wtw,
1wtp,
1wtq,
1wtr,
3t8p,
4nhj,
4ymc,
4ymn,
4ymo,
4ymm,
4m3w,
3siu,
5ca7,
5c45,
172d,
1eqz,
3mvb,
3mva,
3mvd,
1uvi,
1uvj,
1uvk,
1uvl,
1uvm,
1uvn,
5h3u,
2ypf,
1p25,
1p26,
1p20,
3ajk,
3q0p,
3q0q,
3ajl,
3q0s,
4ztf,
3q0m,
3q0n,
3q0o,
3ot0,
3q0d,
3q0f,
4rd5,
4ztj,
3q0a,
3q0b,
3lpv,
300d,
2efw,
4xvk,
4rdm,
4zt0, 4zt0_0_1
3q05,
4o41,
4rdx,
2pqu,
4rdu,
158d,
391d,
1vs2,
4yp3,
4aa6,
1g3x,
2v3c,
4iqx,
4iqv,
4iqw,
1jo2,
4iqr,
2ct8,
4kgc,
4aaf,
4aag,
4aae,
4aab,
4ypr,
5gmg,
5gmf,
1g38,
1m90, 1m90_0_1 1m90_1_1 1m90_2_1 1m90_3_1 1m90_4_1 1m90_5_1 1m90_6_1 1m90_7_1 1m90_8_1 1m90_9_1 1m90_10_1 1m90_11_1 1m90_12_1 1m90_13_1 1m90_14_1 1m90_15_1 1m90_16_1 1m90_17_1 1m90_18_1 1m90_19_1 1m90_20_2 1m90_21_2 1m90_22_2 1m90_23_2 1m90_24_2 1m90_25_2 1m90_26_2 1m90_27_2 1m90_28_2 1m90_29_2 1m90_30_2 1m90_31_2 1m90_32_2 1m90_33_2 1m90_34_3 1m90_35_4 1m90_36_11
4u7c,
1xam,
364d,
4u7u,
4ba2,
2ntc,
255d,
3gao,
5a3d,
1xa2,
4u78,
3ga6,
5a39,
3b91,
1h4s,
1h4q,
4fel,
4feo,
4fen,
2dvi,
5tgx,
4fej,
3i2r,
3i2s,
3i2q,
3r9x, 3r9x_0_1
4lgt, 4lgt_0_1
3i2u,
3rb4,
3rb6,
3rb3,
2fd8,
2fd0,
445d,
1cdw,
3rbe,
3rbd,
4fe5,
4lg0,
4lg2,
4lg7,
4dwy,
4dwp,
1if1,
6bna,
2fdh,
2fdi,
2fdk,
3upq,
441d,
2fdf,
2fdg,
3ce5,
1av6,
3kuy,
462d,
2ia6,
3igc,
4wcg,
2bpa,
3igk,
3igm,
3igl,
4wcp,
4wcq,
3igt,
5j0o,
4c7o, 4c7o_0_1 4c7o_1_1 4c7o_2_1 4c7o_3_1
3ho1,
3ucu, 3ucu_0_1 3ucu_1_2
1r71,
3ucz, 3ucz_0_1 3ucz_1_2
4j2x,
3pov,
4j2d,
4j2e,
4j2a,
4j2b,
5dba,
4j2i,
5dbc,
5dbb,
1zjw,
4h8k,
5db9,
5db8,
5db7,
5db6,
3po4,
3po5,
4m59,
1zjg,
1zjf,
1zje,
4pcb,
1r7m,
3bam,
1zjm,
4pcj, 4pcj_0_1 4pcj_1_2
4pco,
144d,
111d,
5j0u,
5j0w,
1d7z,
2jeg,
2jef,
2jea,
2jej,
2jei,
5lrs,
1yhq, 1yhq_0_1 1yhq_1_1 1yhq_2_1 1yhq_3_1 1yhq_4_1 1yhq_5_1 1yhq_6_1 1yhq_7_1 1yhq_8_1 1yhq_9_1 1yhq_10_1 1yhq_11_1 1yhq_12_1 1yhq_13_1 1yhq_14_1 1yhq_15_1 1yhq_16_1 1yhq_17_1 1yhq_18_1 1yhq_19_2 1yhq_20_2 1yhq_21_2 1yhq_22_2 1yhq_23_2 1yhq_24_2 1yhq_25_2 1yhq_26_2 1yhq_27_2 1yhq_28_2 1yhq_29_2 1yhq_30_2 1yhq_31_2 1yhq_32_2 1yhq_33_3 1yhq_34_4 1yhq_35_11
4mht,
1d76,
1d77,
1d75,
1d78,
478d,
4mhg,
4e0p,
4doa,
2euz,
1oe6,
1oe5,
1oe4,
1fg0, 1fg0_0_1 1fg0_1_1 1fg0_2_1 1fg0_3_1 1fg0_4_1 1fg0_5_1 1fg0_6_2 1fg0_7_2 1fg0_8_2
1bnk,
2tra,
276d,
5j3e,
1wvl,
1wvd,
3ne6,
4dob,
1gu5,
1gu4,
1akh,
3zql,
4ykl,
3zqc,
5j37,
5hf7,
1wv6,
1wv5,
2nl8,
5ccb, 5ccb_0_2 5ccb_1_2
1nab,
2xgj,
3oyg,
4hp1,
2xgq,
4hp3,
5ccw,
5ccx, 5ccx_0_2 5ccx_1_2
4jzv,
1ewq, 1ewq_0_1
3oyb,
1ewn,
4qlm, 4qlm_0_2
4qln, 4qln_0_2 4qln_1_2
5cc1,
5cc0,
3gz6,
2pjp, 2pjp_0_1
345d,
3q2y,
1p47,
3lnq,
4o6a,
1sj3,
1sj4,
2pjr,
2e52,
5ay8,
5iij,
3oz4,
3oz5,
4dl2,
4dl3,
4dl4,
4dl5,
5ay3,
5ay2,
306d,
4rzr,
3q22,
1p4z,
1p4y,
4dle,
3q24,
4dlg,
4rzd, 4rzd_0_1
4xpc,
4xpe,
1p4e,
3dnv,
4rzn,
1sjf,
1kix,
393d,
3vxx,
3nx5,
4q4z,
1vq6, 1vq6_0_1 1vq6_1_1 1vq6_2_1 1vq6_3_1 1vq6_4_1 1vq6_5_1 1vq6_6_1 1vq6_7_1 1vq6_8_1 1vq6_9_1 1vq6_10_1 1vq6_11_1 1vq6_12_1 1vq6_13_1 1vq6_14_1 1vq6_15_1 1vq6_16_1 1vq6_17_1 1vq6_18_1 1vq6_19_2 1vq6_20_2 1vq6_21_2 1vq6_22_2 1vq6_23_2 1vq6_24_2 1vq6_25_2 1vq6_26_2 1vq6_27_2 1vq6_28_2 1vq6_29_2 1vq6_30_2 1vq6_31_2 1vq6_32_2 1vq6_33_2 1vq6_34_3 1vq6_35_4 1vq6_36_11
1vq7, 1vq7_0_1 1vq7_1_1 1vq7_2_1 1vq7_3_1 1vq7_4_1 1vq7_5_1 1vq7_6_1 1vq7_7_1 1vq7_8_1 1vq7_9_1 1vq7_10_1 1vq7_11_1 1vq7_12_1 1vq7_13_1 1vq7_14_1 1vq7_15_1 1vq7_16_1 1vq7_17_1 1vq7_18_1 1vq7_19_2 1vq7_20_2 1vq7_21_2 1vq7_22_2 1vq7_23_2 1vq7_24_2 1vq7_25_2 1vq7_26_2 1vq7_27_2 1vq7_28_2 1vq7_29_2 1vq7_30_2 1vq7_31_2 1vq7_32_2 1vq7_33_2 1vq7_34_3 1vq7_35_4 1vq7_36_11
1vq4, 1vq4_0_1 1vq4_1_1 1vq4_2_1 1vq4_3_1 1vq4_4_1 1vq4_5_1 1vq4_6_1 1vq4_7_1 1vq4_8_1 1vq4_9_1 1vq4_10_1 1vq4_11_1 1vq4_12_1 1vq4_13_1 1vq4_14_1 1vq4_15_1 1vq4_16_1 1vq4_17_1 1vq4_18_1 1vq4_19_2 1vq4_20_2 1vq4_21_2 1vq4_22_2 1vq4_23_2 1vq4_24_2 1vq4_25_2 1vq4_26_2 1vq4_27_2 1vq4_28_2 1vq4_29_2 1vq4_30_2 1vq4_31_2 1vq4_32_2 1vq4_33_2 1vq4_34_3 1vq4_35_4 1vq4_36_11
4cyc,
3vxv,
2xzu,
130d,
2nlm,
4q45,
4q44,
4aob, 4aob_0_1 4aob_1_1
1vqn, 1vqn_0_1 1vqn_1_1 1vqn_2_1 1vqn_3_1 1vqn_4_1 1vqn_5_1 1vqn_6_1 1vqn_7_1 1vqn_8_1 1vqn_9_1 1vqn_10_1 1vqn_11_1 1vqn_12_1 1vqn_13_1 1vqn_14_1 1vqn_15_1 1vqn_16_1 1vqn_17_1 1vqn_18_1 1vqn_19_2 1vqn_20_2 1vqn_21_2 1vqn_22_2 1vqn_23_2 1vqn_24_2 1vqn_25_2 1vqn_26_2 1vqn_27_2 1vqn_28_2 1vqn_29_2 1vqn_30_2 1vqn_31_2 1vqn_32_2 1vqn_33_2 1vqn_34_3 1vqn_35_4
1vqo, 1vqo_0_1 1vqo_1_1 1vqo_2_1 1vqo_3_1 1vqo_4_1 1vqo_5_1 1vqo_6_1 1vqo_7_1 1vqo_8_1 1vqo_9_1 1vqo_10_1 1vqo_11_1 1vqo_12_1 1vqo_13_1 1vqo_14_1 1vqo_15_1 1vqo_16_1 1vqo_17_1 1vqo_18_1 1vqo_19_1 1vqo_20_2 1vqo_21_2 1vqo_22_2 1vqo_23_2 1vqo_24_2 1vqo_25_2 1vqo_26_2 1vqo_27_2 1vqo_28_2 1vqo_29_2 1vqo_30_2 1vqo_31_2 1vqo_32_2 1vqo_33_2 1vqo_34_2 1vqo_35_3 1vqo_36_4 1vqo_37_11
1vql, 1vql_0_1 1vql_1_1 1vql_2_1 1vql_3_1 1vql_4_1 1vql_5_1 1vql_6_1 1vql_7_1 1vql_8_1 1vql_9_1 1vql_10_1 1vql_11_1 1vql_12_1 1vql_13_1 1vql_14_1 1vql_15_1 1vql_16_1 1vql_17_1 1vql_18_1 1vql_19_2 1vql_20_2 1vql_21_2 1vql_22_2 1vql_23_2 1vql_24_2 1vql_25_2 1vql_26_2 1vql_27_2 1vql_28_2 1vql_29_2 1vql_30_2 1vql_31_2 1vql_32_2 1vql_33_2 1vql_34_3 1vql_35_4
1vqm, 1vqm_0_1 1vqm_1_1 1vqm_2_1 1vqm_3_1 1vqm_4_1 1vqm_5_1 1vqm_6_1 1vqm_7_1 1vqm_8_1 1vqm_9_1 1vqm_10_1 1vqm_11_1 1vqm_12_1 1vqm_13_1 1vqm_14_1 1vqm_15_1 1vqm_16_1 1vqm_17_1 1vqm_18_1 1vqm_19_1 1vqm_20_2 1vqm_21_2 1vqm_22_2 1vqm_23_2 1vqm_24_2 1vqm_25_2 1vqm_26_2 1vqm_27_2 1vqm_28_2 1vqm_29_2 1vqm_30_2 1vqm_31_2 1vqm_32_2 1vqm_33_2 1vqm_34_2 1vqm_35_3 1vqm_36_4
1jmc,
2vih, 2vih_0_1 2vih_1_1
2crx,
2vic, 2vic_0_1 2vic_1_1
4u5m,
366d,
3hr3,
1xcu,
28dn,
4ecx,
4ecy,
4ecz,
4ect,
4ecu,
4ecv,
4ecw,
4ecq,
4ecr,
4ecs,
5iil,
3ggk,
3ggi,
2xzl,
1xc8,
1xc9,
1rm1,
2xzo,
4kyw,
4kyy,
3g2r,
404d,
1h6f,
3g2d,
3g2a,
3g2c,
4x18,
1qum,
4ms5,
2dtu,
4ms9,
1idw,
386d,
443d,
4msb,
3kmp,
3w2a,
1qu3,
1qu2,
3i49,
4msr,
359d,
3qjj,
3qjl,
1id9,
3f73,
3cc2, 3cc2_0_1 3cc2_1_1 3cc2_2_1 3cc2_3_1 3cc2_4_1 3cc2_5_1 3cc2_6_1 3cc2_7_1 3cc2_8_1 3cc2_9_1 3cc2_10_1 3cc2_11_1 3cc2_12_1 3cc2_13_1 3cc2_14_1 3cc2_15_1 3cc2_16_1 3cc2_17_1 3cc2_18_1 3cc2_19_2 3cc2_20_2 3cc2_21_2 3cc2_22_2 3cc2_23_2 3cc2_24_2 3cc2_25_2 3cc2_26_2 3cc2_27_2 3cc2_28_2 3cc2_29_2 3cc2_30_2 3cc2_31_2 3cc2_32_2 3cc2_33_3 3cc2_34_4 3cc2_35_11
3cc7, 3cc7_0_1 3cc7_1_1 3cc7_2_1 3cc7_3_1 3cc7_4_1 3cc7_5_1 3cc7_6_1 3cc7_7_1 3cc7_8_1 3cc7_9_1 3cc7_10_1 3cc7_11_1 3cc7_12_1 3cc7_13_1 3cc7_14_1 3cc7_15_1 3cc7_16_1 3cc7_17_1 3cc7_18_1 3cc7_19_2 3cc7_20_2 3cc7_21_2 3cc7_22_2 3cc7_23_2 3cc7_24_2 3cc7_25_2 3cc7_26_2 3cc7_27_2 3cc7_28_2 3cc7_29_2 3cc7_30_2 3cc7_31_2 3cc7_32_2 3cc7_33_2 3cc7_34_3 3cc7_35_4
3cc4, 3cc4_0_1 3cc4_1_1 3cc4_2_1 3cc4_3_1 3cc4_4_1 3cc4_5_1 3cc4_6_1 3cc4_7_1 3cc4_8_1 3cc4_9_1 3cc4_10_1 3cc4_11_1 3cc4_12_1 3cc4_13_1 3cc4_14_1 3cc4_15_1 3cc4_16_1 3cc4_17_1 3cc4_18_1 3cc4_19_1 3cc4_20_2 3cc4_21_2 3cc4_22_2 3cc4_23_2 3cc4_24_2 3cc4_25_2 3cc4_26_2 3cc4_27_2 3cc4_28_2 3cc4_29_2 3cc4_30_2 3cc4_31_2 3cc4_32_2 3cc4_33_2 3cc4_34_3 3cc4_35_4 3cc4_36_11
1bhm,
168d,
3cce, 3cce_0_1 3cce_1_1 3cce_2_1 3cce_3_1 3cce_4_1 3cce_5_1 3cce_6_1 3cce_7_1 3cce_8_1 3cce_9_1 3cce_10_1 3cce_11_1 3cce_12_1 3cce_13_1 3cce_14_1 3cce_15_1 3cce_16_1 3cce_17_1 3cce_18_1 3cce_19_2 3cce_20_2 3cce_21_2 3cce_22_2 3cce_23_2 3cce_24_2 3cce_25_2 3cce_26_2 3cce_27_2 3cce_28_2 3cce_29_2 3cce_30_2 3cce_31_2 3cce_32_2 3cce_33_2 3cce_34_3 3cce_35_4 3cce_36_11
3ccj, 3ccj_0_1 3ccj_1_1 3ccj_2_1 3ccj_3_1 3ccj_4_1 3ccj_5_1 3ccj_6_1 3ccj_7_1 3ccj_8_1 3ccj_9_1 3ccj_10_1 3ccj_11_1 3ccj_12_1 3ccj_13_1 3ccj_14_1 3ccj_15_1 3ccj_16_1 3ccj_17_1 3ccj_18_1 3ccj_19_2 3ccj_20_2 3ccj_21_2 3ccj_22_2 3ccj_23_2 3ccj_24_2 3ccj_25_2 3ccj_26_2 3ccj_27_2 3ccj_28_2 3ccj_29_2 3ccj_30_2 3ccj_31_2 3ccj_32_2 3ccj_33_3 3ccj_34_4 3ccj_35_11
3cco,
3ccm, 3ccm_0_1 3ccm_1_1 3ccm_2_1 3ccm_3_1 3ccm_4_1 3ccm_5_1 3ccm_6_1 3ccm_7_1 3ccm_8_1 3ccm_9_1 3ccm_10_1 3ccm_11_1 3ccm_12_1 3ccm_13_1 3ccm_14_1 3ccm_15_1 3ccm_16_1 3ccm_17_1 3ccm_18_1 3ccm_19_1 3ccm_20_2 3ccm_21_2 3ccm_22_2 3ccm_23_2 3ccm_24_2 3ccm_25_2 3ccm_26_2 3ccm_27_2 3ccm_28_2 3ccm_29_2 3ccm_30_2 3ccm_31_2 3ccm_32_2 3ccm_33_2 3ccm_34_2 3ccm_35_3 3ccm_36_4
3ccl, 3ccl_0_1 3ccl_1_1 3ccl_2_1 3ccl_3_1 3ccl_4_1 3ccl_5_1 3ccl_6_1 3ccl_7_1 3ccl_8_1 3ccl_9_1 3ccl_10_1 3ccl_11_1 3ccl_12_1 3ccl_13_1 3ccl_14_1 3ccl_15_1 3ccl_16_1 3ccl_17_1 3ccl_18_1 3ccl_19_2 3ccl_20_2 3ccl_21_2 3ccl_22_2 3ccl_23_2 3ccl_24_2 3ccl_25_2 3ccl_26_2 3ccl_27_2 3ccl_28_2 3ccl_29_2 3ccl_30_2 3ccl_31_2 3ccl_32_2 3ccl_33_2 3ccl_34_3 3ccl_35_4 3ccl_36_11
3ccs, 3ccs_0_1 3ccs_1_1 3ccs_2_1 3ccs_3_1 3ccs_4_1 3ccs_5_1 3ccs_6_1 3ccs_7_1 3ccs_8_1 3ccs_9_1 3ccs_10_1 3ccs_11_1 3ccs_12_1 3ccs_13_1 3ccs_14_1 3ccs_15_1 3ccs_16_1 3ccs_17_1 3ccs_18_1 3ccs_19_2 3ccs_20_2 3ccs_21_2 3ccs_22_2 3ccs_23_2 3ccs_24_2 3ccs_25_2 3ccs_26_2 3ccs_27_2 3ccs_28_2 3ccs_29_2 3ccs_30_2 3ccs_31_2 3ccs_32_2 3ccs_33_2 3ccs_34_3 3ccs_35_4 3ccs_36_11
3ccr, 3ccr_0_1 3ccr_1_1 3ccr_2_1 3ccr_3_1 3ccr_4_1 3ccr_5_1 3ccr_6_1 3ccr_7_1 3ccr_8_1 3ccr_9_1 3ccr_10_1 3ccr_11_1 3ccr_12_1 3ccr_13_1 3ccr_14_1 3ccr_15_1 3ccr_16_1 3ccr_17_1 3ccr_18_1 3ccr_19_2 3ccr_20_2 3ccr_21_2 3ccr_22_2 3ccr_23_2 3ccr_24_2 3ccr_25_2 3ccr_26_2 3ccr_27_2 3ccr_28_2 3ccr_29_2 3ccr_30_2 3ccr_31_2 3ccr_32_2 3ccr_33_3 3ccr_34_4
3ccq, 3ccq_0_1 3ccq_1_1 3ccq_2_1 3ccq_3_1 3ccq_4_1 3ccq_5_1 3ccq_6_1 3ccq_7_1 3ccq_8_1 3ccq_9_1 3ccq_10_1 3ccq_11_1 3ccq_12_1 3ccq_13_1 3ccq_14_1 3ccq_15_1 3ccq_16_1 3ccq_17_1 3ccq_18_1 3ccq_19_2 3ccq_20_2 3ccq_21_2 3ccq_22_2 3ccq_23_2 3ccq_24_2 3ccq_25_2 3ccq_26_2 3ccq_27_2 3ccq_28_2 3ccq_29_2 3ccq_30_2 3ccq_31_2 3ccq_32_2 3ccq_33_2 3ccq_34_3 3ccq_35_4 3ccq_36_11
3ks8,
3ccv, 3ccv_0_1 3ccv_1_1 3ccv_2_1 3ccv_3_1 3ccv_4_1 3ccv_5_1 3ccv_6_1 3ccv_7_1 3ccv_8_1 3ccv_9_1 3ccv_10_1 3ccv_11_1 3ccv_12_1 3ccv_13_1 3ccv_14_1 3ccv_15_1 3ccv_16_1 3ccv_17_1 3ccv_18_1 3ccv_19_2 3ccv_20_2 3ccv_21_2 3ccv_22_2 3ccv_23_2 3ccv_24_2 3ccv_25_2 3ccv_26_2 3ccv_27_2 3ccv_28_2 3ccv_29_2 3ccv_30_2 3ccv_31_2 3ccv_32_2 3ccv_33_2 3ccv_34_3 3ccv_35_4 3ccv_36_11
3ccu, 3ccu_0_1 3ccu_1_1 3ccu_2_1 3ccu_3_1 3ccu_4_1 3ccu_5_1 3ccu_6_1 3ccu_7_1 3ccu_8_1 3ccu_9_1 3ccu_10_1 3ccu_11_1 3ccu_12_1 3ccu_13_1 3ccu_14_1 3ccu_15_1 3ccu_16_1 3ccu_17_1 3ccu_18_1 3ccu_19_2 3ccu_20_2 3ccu_21_2 3ccu_22_2 3ccu_23_2 3ccu_24_2 3ccu_25_2 3ccu_26_2 3ccu_27_2 3ccu_28_2 3ccu_29_2 3ccu_30_2 3ccu_31_2 3ccu_32_2 3ccu_33_2 3ccu_34_3 3ccu_35_4 3ccu_36_11
2gij,
2gih,
2gii,
3umy,
1zh5,
5ddr,
3jsp,
423d,
2gig,
2gie,
3jso,
5ddm,
3jsm,
2gis, 2gis_0_1
8ica,
4j00,
4pmw,
3um4,
1zho,
1gji,
1d1u,
4opk,
4opj,
5lta,
3vh0,
1yfi,
1yfj,
1yfg,
4aq7,
3bep,
1f7y, 1f7y_0_1 1f7y_1_2
1d10,
1f7u,
1f7v,
1d13,
1d14,
1d15,
1d16,
1d17,
3g9j,
3pmn,
3pml,
1yf3,
1zna,
3e5f,
3e5e,
3e5c,
1wpu,
2q1o,
5e6d,
5e6a,
5e6b,
5e6c,
2q1r,
3ti0,
1ais,
1aio,
4yis,
3ngd,
3ngi,
3ngo,
3l4k,
3l4j,
4yig,
3e54,
5e69,
2q10,
5e67,
5e63,
4jxz,
4jxx,
3gxq,
1noy,
5cmx,
1euy,
1vq8, 1vq8_0_1 1vq8_1_1 1vq8_2_1 1vq8_3_1 1vq8_4_1 1vq8_5_1 1vq8_6_1 1vq8_7_1 1vq8_8_1 1vq8_9_1 1vq8_10_1 1vq8_11_1 1vq8_12_1 1vq8_13_1 1vq8_14_1 1vq8_15_1 1vq8_16_1 1vq8_17_1 1vq8_18_1 1vq8_19_1 1vq8_20_2 1vq8_21_2 1vq8_22_2 1vq8_23_2 1vq8_24_2 1vq8_25_2 1vq8_26_2 1vq8_27_2 1vq8_28_2 1vq8_29_2 1vq8_30_2 1vq8_31_2 1vq8_32_2 1vq8_33_2 1vq8_34_2 1vq8_35_3 1vq8_36_4
4f5q,
4f5p,
3u56,
3jxd,
3ebc,
459d,
4hri,
4lb5,
4bxo,
3u58,
3gx2, 3gx2_0_1
5c0y,
3mgr,
3gx6,
3gx7, 3gx7_0_1
3gx4,
3gx5, 3gx5_0_1
3mr6, 3mr6_0_1
2xe0,
3mr5, 3mr5_0_1
3mr2,
3mr3,
109d,
1sl1,
1sl2,
4xr2,
4xr3,
4xr0,
4xr1,
3lln,
3ana,
304d,
4f5n,
5dun,
3oxm, 3oxm_0_1 3oxm_1_1
3oxb, 3oxb_0_1 3oxb_1_1
3oxd, 3oxd_0_1 3oxd_1_1
3oxe, 3oxe_0_1 3oxe_1_1
2pua,
2puc,
4xrm,
4dnb,
2pud,
4xrh,
3dlb,
3dlh,
1fok,
4b5i,
1bsu,
4b5j,
1bss,
395d,
1j6s,
3nz7,
4am3,
2fcx,
4pzq,
1ddn,
1ddl,
1rsb,
360d,
3hp6,
1mf5,
1h89,
1h88,
4be1,
4be0,
3ges,
4be2,
3dw6,
3hpo,
5a72,
5a77,
5a74,
5a78,
4f50,
3g0r,
3g0q,
4ea4,
4ea5,
3g0h,
1ddy, 1ddy_0_1
406d,
1h8a,
5tkz,
1qsy,
1qss,
2dra,
2drb,
3uq0,
1qsl,
2drp,
4far, 4far_0_1 4far_1_1 4far_2_2 4far_3_3
4fau, 4fau_0_1 4fau_1_1 4fau_2_2 4fau_3_3
4faw, 4faw_0_1 4faw_1_1 4faw_2_2 4faw_3_3
4rwn,
3i62,
3i61,
3qlp,
2dr8,
2dr9,
3r2d, 3r2d_0_2
2dr2,
2dr5, 2dr5_0_1 2dr5_1_1
2dr7,
3r2c,
3kqu,
1bnz,
1bna,
2b9s,
3kqh,
3kqk,
3kql,
4c30,
3kqn,
166d,
1wmq,
3ikt,
3kq8,
3iki,
3t5h,
3t5n,
2got,
4e95,
4m9v,
4m9j,
421d,
4m9h,
4m9n,
4m9l,
4m9g,
4m9e,
1u0b,
1u0c,
1u0d,
282d,
4m94,
4m95,
4s3n,
2g4b,
4e9f,
4e9g,
4e9h,
4dy8,
338d,
5btm,
5btl,
5btn,
5bti,
5bte,
5btd,
5btg,
5btf,
5bta,
5btc,
3dw4,
3dw5,
3uo7,
3dw7,
5btp,
2up1,
1f5t,
5dff,
5dfi,
5dfh,
5dfj,
1pp7,
5bt2,
5hbu,
5hbw,
5hby,
5hbx,
3sc8,
3k9f,
1d36,
1d37,
1d35,
1d32,
1d33,
1d30,
1d31, 1d31_0_1 1d31_1_1
1d38,
1d39,
3cw7,
3l2c,
4y27,
3scx,
3nae,
2bq3, 2bq3_0_1
3l2r,
1d3u,
1d3r,
4ygi,
2bq5, 2bq5_0_1 2bq5_1_1
3twm,
5b2t, 5b2t_0_1
3twh,
5iwm,
1wrq,
3mlp,
2bqr,
3u7h,
3mln,
3u7f,
2nmv,
3l26,
341d,
2bqu,
5co0,
5co8,
4kfc,
1gqu,
1vj4,
4hli,
3dj2, 3dj2_0_1 3dj2_1_1 3dj2_2_2
3dj0, 3dj0_0_1 3dj0_1_1 3dj0_2_2
3ftm,
3ftf,
3fte,
3q61,
1fms,
1fmq,
4a04,
3ft6,
1bqj,
4q0r,
4q0w,
4q0z,
4e7a,
2axy,
1m3q,
2axb,
1m3h,
2ix1,
5jgh,
4n76,
2wq6,
2grb,
1rqy,
4egy,
4egz,
362d,
3l2p,
3rzj,
3g6e, 3g6e_0_1 3g6e_1_1 3g6e_2_1 3g6e_3_1 3g6e_4_1 3g6e_5_1 3g6e_6_1 3g6e_7_1 3g6e_8_1 3g6e_9_1 3g6e_10_1 3g6e_11_1 3g6e_12_1 3g6e_13_1 3g6e_14_1 3g6e_15_1 3g6e_16_1 3g6e_17_1 3g6e_18_1 3g6e_19_1 3g6e_20_2 3g6e_21_2 3g6e_22_2 3g6e_23_2 3g6e_24_2 3g6e_25_2 3g6e_26_2 3g6e_27_2 3g6e_28_2 3g6e_29_2 3g6e_30_2 3g6e_31_2 3g6e_32_2 3g6e_33_2 3g6e_34_3 3g6e_35_4 3g6e_36_11
3g6p,
3g6q,
3g6r,
3g6t,
3lap,
3g6v,
3g6x,
3g6y,
5e41,
397d, 397d_0_3
1mdy,
3epi,
1mdm,
1mdg,
400d,
3rh6,
3rh5,
3rh4,
246d,
2i0q,
4lmg,
2dpc,
3i8d,
2dpj,
2dpi,
3qnn,
3qno,
2dp6,
2dp7,
3w6v,
447d,
5l00,
2fjx,
2i06,
2i05,
2fjv,
2fjw,
5ezf,
3x1t,
1woe,
3zh2,
1bl0,
4tmu,
3imb,
1apl,
1qqa,
1qqb,
3pnc,
3zhm,
1dnf,
427d,
1zla,
1r9f,
4uaz,
4uay,
4m2y,
4uaw,
4jcy,
4jcx,
280d,
3wkj,
3u7g,
1z9c,
5inq,
1zl3,
336d,
1dns,
2es2,
5bzy,
1dfm,
1prp,
1i8m,
5iff,
1ybc,
1dfu,
5dh6,
3pa0,
2esj,
2esi,
3g99,
4gdf,
4xic,
1yb9,
5dhc,
5dhb,
4xid,
3uiq,
3uq2,
4xiu,
436d,
3ok4,
1i0p,
4glc,
2hyi,
3tu4,
5hlt,
2ago,
4ot3,
2agp,
2agq,
5hlk,
1oct,
5hlh,
2bsq,
4glg,
4y0f,
3ncu,
5e24,
4y00,
3sas,
3sar,
4oto,
4yew,
3saw,
3sav,
2bs1,
2bs0,
3l0u,
3c7r,
3nci,
4hly,
3gyh,
1eyu,
4hn6,
4hn5,
5ciy,
2noz,
2rdj,
1eyg,
1nkc,
2noe,
1nke,
2nof,
2noi,
2noh,
2nok, 2nok_0_1 2nok_1_5
3mnn,
2nol,
5h9f,
1nk0,
1nk4,
1nk5,
1nk6,
4rkv,
2xy5,
1nk9,
2xy6,
1gsg,
278d,
4qvd,
4qvc,
3o8c,
4qvi,
9ick,
2py5,
4u3r,
2py9,
9icn,
1lu5,
3dh3,
5ki6,
2zm5,
3bdp,
2pyl,
2pyo,
2pyj,
4e8s,
9icx,
1m1a,
1tez,
4iii,
4n5s,
2azx,
319d,
2iz9, 2iz9_0_1 2iz9_1_1
4nm2,
3a46,
439d,
2voo,
2von,
2voa,
5jea,
2qex, 2qex_0_1 2qex_1_1 2qex_2_1 2qex_3_1 2qex_4_1 2qex_5_1 2qex_6_1 2qex_7_1 2qex_8_1 2qex_9_1 2qex_10_1 2qex_11_1 2qex_12_1 2qex_13_1 2qex_14_1 2qex_15_1 2qex_16_1 2qex_17_1 2qex_18_1 2qex_19_2 2qex_20_2 2qex_21_2 2qex_22_2 2qex_23_2 2qex_24_2 2qex_25_2 2qex_26_2 2qex_27_2 2qex_28_2 2qex_29_2 2qex_30_2 2qex_31_2 2qex_32_2 2qex_33_2 2qex_34_3 2qex_35_4
2vod,
3irr,
2qef,
3irq,
3irw, 3irw_0_1 3irw_1_1
2vop,
4n56,
1m19,
1m18,
4ii9,
2az0,
2az2,
4ail,
4aij,
4aik,
2izm, 2izm_0_1 2izm_1_1
2izn, 2izn_0_1 2izn_1_1
2gpm,
3ht3,
2gpx,
4eey,
2wwy,
3hts,
3g4m,
1xi1,
3g4t,
3lja,
5kg5,
399d,
4l26,
4fk0,
2i2i,
1clq,
2fl3,
244d,
3rje,
3rjg,
3rjf,
3rji,
3rjh,
3rjk,
3rjj,
1xo0,
2flp,
8icf,
3g8t, 3g8t_0_1
8icc,
1cl8,
8icm,
8icn,
8ico,
8ici,
8ick,
8icu,
2flc,
2fld,
8icq,
8icr,
8ics,
2fll,
2np6,
2fln,
4fk4,
2o8d,
1hdd,
320d,
3sz2,
3sz5,
2b57,
4wkj,
1xns,
5l2l,
1wne,
3szx,
2v7r,
4a08,
3zju,
3zjt,
3zjv,
5l2x,
4w9m,
425d,
1zbl,
4h0e,
1zbi,
1zbh,
1ebm,
2g8i,
2g8h,
2g8k,
4jab,
2g8u,
2zh1,
2g8w,
2g8v,
1u4b,
2zh5,
2zh6,
1nvp,
2zh8,
2zh9,
1nvy,
286d,
1u47,
1u45,
2zhg,
1u48,
1u49,
5cv2,
119d,
334d,
3bi3,
3c25,
383d,
4xk0,
4gfb,
1i6j,
5bpc,
5bpd,
2euv,
2euw,
2eux,
1i6u, 1i6u_0_1 1i6u_1_2
1f1t, 1f1t_0_3
3oa6,
3ds7,
5fro,
1pt3,
3ukc,
3dsc,
3dsd,
3ukg,
5hnf,
5hnh,
5hnk,
5hnj,
5hnq,
2h7g,
2zxu,
3ts8,
1omk,
3nm9,
1omh,
3e3y,
3ts2,
3c58,
227d,
4ov7,
8bna,
4yco,
4ycp,
414d,
4ycx,
3f8j,
3f8i,
1o0k,
3f8o,
5e08,
3nmu,
1o0b,
1o0c,
3nmr,
5e01,
3c5d,
3c5g,
3c5f,
1vfg,
3nma,
3u3w,
3u3y,
4kb1, 4kb1_0_2
4kb0, 4kb0_0_2
3eh8,
3v81,
3mht,
5cki, 5cki_0_1 5cki_1_1
5ckk, 5ckk_0_1 5ckk_1_1
3h25,
3u38,
2hdd,
4x9j,
4ub2,
205d,
4qtk,
4qtj,
453d,
482d,
4lth,
4lti,
4ltj,
4ltk,
3add,
1mq3,
3adl,
4ltf,
4ltg,
3wru,
4zbn,
5f9i,
5f9l,
2fqn,
1fiu,
2fqz,
1fix,
1lwy,
4dsi,
1lwv,
1lww,
5jc3,
5jc7,
4cqn,
2d47,
1je8,
1bua,
1tgh,
138d,
2it0,
1u1l,
2vqf, 2vqf_0_1 2vqf_1_1 2vqf_2_1 2vqf_3_1 2vqf_4_1 2vqf_5_1 2vqf_6_1 2vqf_7_1 2vqf_8_1 2vqf_9_1 2vqf_10_1 2vqf_11_1 2vqf_12_1 2vqf_13_2 2vqf_14_2 2vqf_15_2 2vqf_16_2 2vqf_17_2 2vqf_18_3 2vqf_19_3 2vqf_20_3 2vqf_21_3 2vqf_22_3 2vqf_23_3
2vqe, 2vqe_0_1 2vqe_1_1 2vqe_2_1 2vqe_3_1 2vqe_4_1 2vqe_5_1 2vqe_6_1 2vqe_7_1 2vqe_8_1 2vqe_9_1 2vqe_10_1 2vqe_11_1 2vqe_12_1 2vqe_13_1 2vqe_14_1 2vqe_15_2 2vqe_16_2 2vqe_17_2 2vqe_18_2 2vqe_19_2 2vqe_20_3 2vqe_21_3 2vqe_22_3 2vqe_23_3 2vqe_24_3 2vqe_25_3
1u1n,
1m77,
5jcf,
1jey,
5jch,
1jes,
1nkp,
2itl,
1dpn,
3v6t,
2xgp,
4o3m,
1k9g,
2gvr,
1k9m, 1k9m_0_1 1k9m_1_1 1k9m_2_1 1k9m_3_1 1k9m_4_1 1k9m_5_1 1k9m_6_1 1k9m_7_1 1k9m_8_1 1k9m_9_1 1k9m_10_1 1k9m_11_1 1k9m_12_1 1k9m_13_1 1k9m_14_1 1k9m_15_1 1k9m_16_1 1k9m_17_1 1k9m_18_1 1k9m_19_2 1k9m_20_2 1k9m_21_2 1k9m_22_2 1k9m_23_2 1k9m_24_2 1k9m_25_2 1k9m_26_2 1k9m_27_2 1k9m_28_2 1k9m_29_2 1k9m_30_2 1k9m_31_2 1k9m_32_2 1k9m_33_3 1k9m_34_4 1k9m_35_11
4uzb,
2ofi,
4krf,
1b7f,
3hzi,
3oz3,
242d,
9mht,
2wq7,
1qn9,
1c9z,
1c9s,
1cn0,
1c9b,
5dqg,
1run,
1ruo,
5dqh,
5dqi,
5dqk,
5dqz,
322d,
197d,
160d,
5kvj,
3d4v,
181d,
2v9w,
1pnn,
5cpi, 5cpi_0_1 5cpi_1_1
5cpk, 5cpk_0_1 5cpk_1_1 5cpk_2_1 5cpk_3_1
4jgn,
4puq,
4jgc,
1nta, 1nta_0_1 1nta_1_2 1nta_2_4 1nta_3_5
1ntb, 1ntb_0_1 1ntb_1_2 1ntb_2_4 1ntb_3_5
3bkz,
1hf0,
4puo,
5ev1,
5ev2,
4e3s,
332d,
3wts,
3wtp,
284d,
1w0t,
1w0u,
3eum,
3p22,
3eui,
5ed2,
1nt8,
4h29,
5cp2,
2zjr, 2zjr_0_1 2zjr_1_1 2zjr_2_1 2zjr_3_1 2zjr_4_1 2zjr_5_1 2zjr_6_1 2zjr_7_1 2zjr_8_1 2zjr_9_1 2zjr_10_1 2zjr_11_1 2zjr_12_1 2zjr_13_1 2zjr_14_1 2zjr_15_1 2zjr_16_1 2zjr_17_1 2zjr_18_1 2zjr_19_1 2zjr_20_1 2zjr_21_1 2zjr_22_1 2zjr_23_1 2zjr_24_1 2zjr_25_2 2zjr_26_2 2zjr_27_2 2zjr_28_2 2zjr_29_2 2zjr_30_2 2zjr_31_2 2zjr_32_2 2zjr_33_2 2zjr_34_2 2zjr_35_2 2zjr_36_3 2zjr_37_4
5cp6,
3azg,
5ed4,
381d,
4ghl,
2ewj,
4r8u,
1pvq,
1pvp,
1pvr,
4gha,
1pvi,
3og8,
1pvo,
4r8j,
4r8i,
2o1i,
3pey,
3pew,
2uvr,
2uvu,
1pv4,
2uvw,
2uvv,
4j8x,
5dlg,
5dlf,
4xeg,
5dlj,
5dlo,
1i47,
3ogu,
4j8u,
3vok,
5hhi,
5hhh,
3tq6,
3tq1,
1d90,
1d91,
1d92,
1d93,
1d96,
1d97,
1d98,
1d99,
2bop,
1ooa,
221d,
2acj,
4yaz, 4yaz_0_2
2obz,
1d9r,
2ac0,
4arc, 4arc_0_1 4arc_1_1
3c3z,
4w5r,
4w5t,
4ohz,
4ohy,
1d9d,
1d9f,
4w5o,
1d9h,
3c3l,
5k8h,
3mjb, 3mjb_0_1
3mja, 3mja_0_1
3h0d,
1ub8,
4hj7,
4hj5,
4hj8,
4hj9,
3gpx,
3gpy,
3gpp,
3gpq,
1d23,
3gpu,
3gpl,
2w35,
2w36,
4hje,
1d27,
4hja,
1d26,
1ubd,
4rtp,
3mj0,
5k83,
3gp8,
5akf,
4klu,
3gp1,
4kls,
4klq,
4klo,
4klm,
4kll,
4klj,
4kli,
4klh,
4bpb,
4klf,
4kle,
4kld,
4lvv, 4lvv_0_1
1csl, 1csl_0_1
3wph,
3wpi,
4lvs,
3lds,
3wpc,
3ldy, 3ldy_0_1 3ldy_1_1
3wpg,
3wpd,
3afa,
1lq1,
1kc6,
4df8,
5ke8,
4rp2,
5ke6,
4lvl,
4rp1,
4lvj,
4lvk,
4lvi,
4lmz,
1stx,
4dfm,
4dfj,
4dfk,
5awh,
1kci,
5keb,
5kea,
4rpz,
4rpx,
4rpy,
3af6,
4dfp,
5l0m,
2dpb,
4k4w,
4k4v,
1m5k,
4k4t,
4k4s,
2vs8,
1m5o,
4iem,
435d,
2vs7,
2qa4, 2qa4_0_1 2qa4_1_1 2qa4_2_1 2qa4_3_1 2qa4_4_1 2qa4_5_1 2qa4_6_1 2qa4_7_1 2qa4_8_1 2qa4_9_1 2qa4_10_1 2qa4_11_1 2qa4_12_1 2qa4_13_1 2qa4_14_1 2qa4_15_1 2qa4_16_1 2qa4_17_1 2qa4_18_1 2qa4_19_1 2qa4_20_2 2qa4_21_2 2qa4_22_2 2qa4_23_2 2qa4_24_2 2qa4_25_2 2qa4_26_2 2qa4_27_2 2qa4_28_2 2qa4_29_2 2qa4_30_2 2qa4_31_2 2qa4_32_2 2qa4_33_2 2qa4_34_2 2qa4_35_3 2qa4_36_4
4k4z,
4k4y,
4csa,
4k4g,
1m5x,
1m5p,
1m5r,
2d25,
4k4i,
1m5v,
1qf6,
2d2k,
2d2l,
2ho7,
1q3v,
1q3u,
5jaj,
3ivn,
1q3f,
4cs1,
101d,
298d,
4eyh,
4eyi,
3hxo, 3hxo_0_1
3hxq, 3hxq_0_1
2odi,
2yvh,
3hx0,
4ux5,
5itt,
5itu,
5ds5,
3px4,
3px7,
3px6,
3rnu,
3px0,
5dsb,
5dsa,
1xmq, 1xmq_0_1 1xmq_1_1 1xmq_2_1 1xmq_3_1 1xmq_4_1 1xmq_5_1 1xmq_6_1 1xmq_7_1 1xmq_8_1 1xmq_9_1 1xmq_10_1 1xmq_11_1 1xmq_12_2 1xmq_13_2 1xmq_14_2 1xmq_15_2 1xmq_16_2 1xmq_17_3 1xmq_18_3 1xmq_19_3 1xmq_20_3 1xmq_21_3
3d70,
3dw9,
3waz,
3rn5,
1pm5,
195d,
1otc,
3sv4,
1wet,
4nyd, 4nyd_0_6
3sv3,
1azp,
1azq,
2dz7,
5b43,
324d,
215d,
240d,
4tzy,
5l6l,
1az0,
4ny8,
183d,
4wo2,
4wo3,
1wsu,
3tok,
2adw,
1zfv,
1efo, 1efo_0_1
1u8r,
1efa,
1zfx,
5crx,
4pwm,
1zfb,
1zfa,
5et9,
1zfg,
1zff,
1zfe,
1u8b,
4pwd, 4pwd_0_1
1zfh,
5crj,
5crk,
1zfm,
4e1u,
330d,
4kre,
2q2k,
1zf3,
2b1b,
1zf1,
3bm3,
1zf7,
1zf6,
1zf5,
1zf4,
4pw5,
4pw7,
1zf8,
2rd2,
1nr8,
1z3f,
1hht,
4gju,
4gjp,
4gjr,
1i2x, 1i2x_0_1 1i2x_1_1
1i2y, 1i2y_0_1 1i2y_1_1
5ihd,
122d,
1dl8,
5dnm,
5dno,
5dnn,
4g7o,
5dnb,
4g7h,
5hjz,
223d,
5ch0,
3nic,
4l0a,
1qbp,
1vbz,
1vby,
1vbx,
4l0y,
4l0z,
4oji,
3f4h,
3c1b,
2xsl,
3mdi,
2pxv,
3mdg,
3mda,
3gvn,
3mdc,
2pxt,
2pxu,
2pxk,
1flo,
2pxi,
209d,
457d,
3v4i,
4knq,
3gv5,
3gv7,
2xs7,
4qpx,
349d,
4kny,
2xs2,
1msy,
1msw,
1gid, 1gid_0_1 1gid_1_1 1gid_2_1 1gid_3_2
4dx4,
5kg4,
5kg7,
5kg6,
4a8m,
5kg0,
5kg3,
5kg2,
3wvg,
3wvh,
3wvi,
4a8s,
3wvk,
1svc,
3qyn,
2ok0,
3fl6,
1keg,
4lx5,
4lx6,
4rve,
3g97,
1feu,
1fyl,
437d,
4q8e,
4q8f,
1t4i,
4htu,
4i8t,
2vuq,
1by4,
3ixn,
1qda,
5h1k,
3ukb,
1zyq,
1tc3,
2ozs,
2ypb,
2ypa,
408d,
2ozb, 2ozb_0_1
2ozm,
5d9y,
5hrf,
4gqd,
239d,
1yyw,
4gqj,
3qfq,
3nj7,
1yyk,
1yyo,
1po6,
5dui,
1xok, 1xok_0_2 1xok_1_2
3qf8,
485d,
1ryr,
1rys,
3a01,
326d,
3iqp, 3iqp_0_1 3iqp_1_1
4ht8,
4ht9,
5g35,
5g34,
3t5q,
5g33,
5g32,
3cwa,
4ngg,
4ngd,
4ngc,
4ngb,
3t5e,
3t5j,
3t5k,
3cwu,
3cwt,
3cws,
3t5l,
5b2j,
5b2i,
5b2o,
217d,
2dxi,
1ixj,
5b2s, 5b2s_0_1
5b2r, 5b2r_0_1
5b2q,
5b2p,
1ixy,
3n4o,
3p6y,
1z19,
1edr,
3boy,
4e7y,
4pqv,
4pqu,
1zdi, 1zdi_0_1 1zdi_1_1
1zdh, 1zdh_0_1 1zdh_1_1
1zdk, 1zdk_0_1 1zdk_1_1
1zdj,
4e7h,
4e7i,
4e7l,
2nqj,
2b3j,
4e78,
2rf3,
5erz, 5erz_0_1 5erz_1_1 5erz_2_2 5erz_3_2
2b3e,
4jk0,
1hjc,
1hjb,
3eqw,
2h9s,
3eqt,
1dne,
250d,
1dnm,
4o9m,
1dno,
5ink,
5inl,
1dnh,
1dnk,
3o9x,
5inp,
1dnt,
5bzv,
4xa5,
1s0m,
1s0n,
1s0o,
1dnx,
1dnz,
1l5u,
1i0t,
4glx,
3ok2,
4g92,
1i0q,
1i0n,
1i0o,
1i0m,
1i0j,
1i0k,
4gle,
1i0f,
1i0g,
4glh,
4rkg,
1s03, 1s03_0_1 1s03_1_1 1s03_2_1 1s03_3_2
9icu,
4rkh,
1dn5,
1dn4,
5bz1,
1dn6,
5bz7,
5bz5,
5bz9,
1dn9,
1dn8,
4g9z,
3vke,
3e9w,
4l24,
4l25,
5hto,
5t9j,
2aor,
2aoq,
4jv1,
3vk7,
3nkb, 3nkb_0_1
3vk8,
5jzq,
385d,
2ao5,
4oln,
4olb,
4ola,
1t05,
3mfk,
3mfh,
3mfi,
3o3g,
3o3f,
3h4b,
5f9f,
3h4d,
2w7n,
4hf2,
1b72,
4hf1,
5f9n,
3o3i,
3o3h,
6tna,
3h40,
3m9o,
3m9n,
3m9m,
455d,
5f99,
3v6y,
4khn,
3m9e,
4khs,
3v6d,
4khq,
4khw,
4khu,
4khy,
3v6h,
3v6j,
4f3u,
3wtx,
3wty,
3wtv,
3wtw,
3wtt,
3wtu,
4rt2,
4rt3,
5ak9,
3azf,
4ff2,
3aze,
3azj,
2c9l,
3azi,
3azn,
4lzg,
3azl,
3azm,
4z3c,
4z3a,
1sxp,
1sxq,
1cw0,
1kgk,
1cw9,
4lz1,
4rtr,
4rts,
4lz4,
4rtq,
4rtn,
4rto,
4rtl,
261d,
4rtj,
4rtk,
1lmb,
5akn,
5akm,
5kal,
1sx8,
4z31,
1sx5,
1pa6,
4i67,
431d,
1bp7,
2vwj,
4oww,
4tzx,
311d,
294d,
2irf,
2a7e,
2cdm,
3ov7,
1qbj,
4q5s,
4zdo,
4tz0,
4zdp,
2vw9,
4tra,
3brd,
3brg,
3brf,
1hq7,
1hq1,
4ldx,
2oxv,
2oxm,
5u9h,
5eoz,
5fq5, 5fq5_0_1
1llm,
4gsg,
237d,
4gsi,
1par,
3rrh,
3rrg,
5dww,
3rr8,
2gxb,
3rr7,
1n6j,
5dwx,
4gs2,
5dwb,
1n6q,
5dwa,
328d,
191d,
5tw1,
4wsb,
3t3o,
3cul, 3cul_0_1
3cun, 3cun_0_1
3t3f,
187d,
5g5t,
5b0y,
5b0z,
211d,
1ivs,
4ru9,
3p4j,
3p4a,
3p4c,
3p4b,
3p4d,
4pso,
3hjw,
1z79,
4jiy,
2b1c,
3mgp, 3mgp_0_1
3es0,
1kx3,
1efw,
1z7f,
1z7i,
5f8m,
1ej9,
4e58,
4e59,
4b24,
1hlz,
4e54,
4b20,
4b21,
4b22,
4b23,
1hlo,
1s2r,
4r2d,
4r2e,
4r2a,
4r2c,
3us1,
3us0,
4ri9,
4ri8,
4r2p,
4r2q,
5bxw,
4r2s,
4gnx,
3lrr,
5f8a,
3oie,
1s23,
4xco,
3oin,
4ria,
4ric,
3oij,
1dh3,
4r24,
4rip,
4r22,
126d,
2b1d,
6pax,
2fkc,
1g8n,
2bee,
4on0,
3vek,
1g8u,
3veb,
5jxs,
4ond,
5jxy,
4f4n,
2kfz,
2hw3,
2hw8,
2be0,
412d,
3v07,
3v06,
3o1u,
3o1t,
3o1v,
3o1p,
3o1s,
3o1r,
3o1m,
3o1o,
258d,
3gjl,
1mw8,
3gjh,
3gjj,
3gjk,
5eey,
1lp7,
2wbu,
4ot0,
2wbs,
5eez,
1mwj,
1mwi,
2r8s, 2r8s_0_1
2yie,
1mwl,
2r8h,
2r8i,
5hlf,
2r8g,
2wb2,
2c7p,
2c7q,
2c7r,
3fht,
2c7o,
2c7a,
5i4a,
354d,
4z1x,
3q0c,
263d,
1rbj,
5i44,
2p2r,
313d,
4nya, 4nya_0_1 4nya_1_6
4cis,
5da6,
433d,
2qoj,
3s8u,
3s8q,
1t0e,
1t0d,
5t1j,
2a1r,
1v3o,
296d,
5t14,
5t16,
3s80,
4fnc,
4fnj, 4fnj_0_1 4fnj_1_2
4e5c,
2vy2,
2vy1,
3spl,
3sau,
3sat,
3btz,
3bty,
3btx,
4k27,
5fw1, 5fw1_0_1
5fw2, 5fw2_0_1
5fw3, 5fw3_0_1
5et2,
5emc,
3bt7,
5emp,
5lyu, 5lyu_0_1 5lyu_1_2 5lyu_2_2
5lyv, 5lyv_0_1 5lyv_1_2 5lyv_2_2
5lys, 5lys_0_1 5lys_1_2 5lys_2_2
3pr5,
3pr4,
5dy0,
3rtv,
235d,
4mce,
4mcf,
1n48,
3d1n,
3a4k,
1hlv,
1n4l,
1xsp,
4esj,
1n4e,
1xsd,
3ket,
1xsn,
4p5j,
1xsl,
3zd7,
3zd6,
3zd5,
3zd4,
3t1y, 3t1y_0_1 3t1y_1_1 3t1y_2_1 3t1y_3_1 3t1y_4_1 3t1y_5_1 3t1y_6_1 3t1y_7_1 3t1y_8_1 3t1y_9_1 3t1y_10_1 3t1y_11_1 3t1y_12_1 3t1y_13_1 3t1y_14_1 3t1y_15_2 3t1y_16_2 3t1y_17_2 3t1y_18_2 3t1y_19_2 3t1y_20_3 3t1y_21_3 3t1y_22_3 3t1y_23_3 3t1y_24_3
4fs2,
4wuz,
4fs6,
4fs5,
4wuh,
4wul,
1orn,
4ncb,
4nca,
3zdc,
3zdb,
3zda,
3zdd,
189d,
3spd,
3k64,
3tfs,
3tfr,
3k62,
3spy,
4wu8,
4wu9,
7msf,
4wu4,
213d,
469d,
2xhb,
2rbf,
2xhi,
2rba,
4qg3,
1ehz,
2o61,
1ehv,
1nkb,
2nob,
1ehl,
4qgu,
1z5t,
5swd,
5gkh,
2o6m,
1ckt,
1l1h,
5kx9,
4ro8,
1l1t,
1l1z,
4ro7,
4ro4,
153d,
309d,
4r2r,
4rok,
4roo,
4ron,
4roc,
4rog,
1s45,
4roe,
4rod,
4roz,
4roy,
1dj6,
2bgw,
4l62,
4izz,
2bgg,
3f21,
4izr,
4izq,
3f22,
3f27,
4yye,
5jeu,
2i3p,
410d,
5jvw,
5hp2,
3f2c,
3f2b,
3f2d,
5hp4, 5hp4_0_1 5hp4_1_1
3f2q,
3f2t,
3n7b,
1nk7,
389d,
1nk8,
4rim,
3mby,
3v21,
3v20,
4qz9,
4qz8,
3o7v,
5fjc, 5fjc_0_1
480d,
4ed6,
1muh,
4ktq,
4qzc,
4qzb,
4qza,
4qzg,
4qzf,
4qze,
4qzd,
4bhk,
4qzi,
4qzh,
4bhm,
5fj4,
5fj1,
5fj0,
2c5r,
430d,
3gca,
448d,
5d3g,
4z7b,
4z7z,
5aox, 5aox_0_1 5aox_1_1
5aor,
2c50, 2c50_0_1 2c50_1_1
2c51, 2c51_0_1 2c51_1_1
265d,
2p0j,
3h8o,
4u8a,
4u8c,
4u8b,
3h8r,
4x5v,
3h8x,
315d,
4i2c,
4i2b,
4i2a,
4i2g,
4i2f,
4i2e,
1qn4,
1qn5,
1qn6,
1qn7,
4i2o,
1qn3,
2a3v, 2a3v_0_1 2a3v_1_1 2a3v_2_1 2a3v_3_1 2a3v_4_1 2a3v_5_1
3s6i,
3clz,
1t2k,
5t3l,
290d,
4zhn,
4i27,
4flw,
4flt,
1qne,
4i29,
4i28,
1qna,
1qnb,
1qnc,
9ica,
1bc7,
1bc8,
1hu0,
1zse,
9icg,
1z8v,
1huo,
1zs4,
1huz,
1hut,
1ysa,
1per,
3a6p,
3vea,
471d,
233d,
1g8v,
1xux,
1k3w,
1k3x,
1xuw,
4wwc,
3sn2, 3sn2_0_1 3sn2_1_1
3k4x,
3td1,
3td0,
3cqs,
2db3,
3snp, 3snp_0_1 3snp_1_1
371d,
3snn,
3k49,
3cq8,
248d,
467d,
2dbe,
1nzg,
1ene,
1enn,
2xnz,
5czz,
2xnr,
2xnw,
2o49,
198d,
9bna,
5m3h,
4qei,
4qen,
4qeo,
1en3,
1en8,
1en9,
2o4a,
2o4f,
1l3l,
2f5o,
2f5n,
3lwv,
3lwp,
3lwq,
3lwr,
3lwl,
3lwm,
3lwo,
3lwh,
3lwi,
2f5s,
2f5q,
2f5p,
4r6m,
151d,
1saq,
1sax,
4r63,
4r64,
4r65,
4r66,
1fzp,
2ea0,
4rmo,
1sa3,
1sa9,
4l81, 4l81_0_1
1j9h, 1j9h_0_1 1j9h_1_1
2bam,
2au0,
4ix7,
4l8r,
1vzk,
4l8h, 4l8h_0_1
4ou7,
1s6m,
3mqy,
1ga5,
1b96,
1b97,
1b94,
1b95,
4hug,
3gnk,
3gna,
3gnb,
5fhl,
2uua, 2uua_0_1 2uua_1_1 2uua_2_1 2uua_3_1 2uua_4_1 2uua_5_1 2uua_6_1 2uua_7_1 2uua_8_1 2uua_9_1 2uua_10_1 2uua_11_1 2uua_12_1 2uua_13_1 2uua_14_1 2uua_15_2 2uua_16_2 2uua_17_2 2uua_18_2 2uua_19_2 2uua_20_3 2uua_21_3 2uua_22_3 2uua_23_3 2uua_24_3 2uua_25_3
5fhe,
5fhd,
3m7n,
2uub, 2uub_0_1 2uub_1_1 2uub_2_1 2uub_3_1 2uub_4_1 2uub_5_1 2uub_6_1 2uub_7_1 2uub_8_1 2uub_9_1 2uub_10_1 2uub_11_1 2uub_12_1 2uub_13_1 2uub_14_1 2uub_15_2 2uub_16_2 2uub_17_2 2uub_18_2 2uub_19_2 2uub_20_3 2uub_21_3 2uub_22_3 2uub_23_3 2uub_24_3 2uub_25_3
3m7k, 3m7k_0_1 3m7k_1_1
3va0,
1uhx,
3va3,
5hr4,
5hr7,
5hr6,
5hr9,
1gax,
4bna,
4bnc,
5hrb,
5hre,
5hrd,
3vaf,
3vag,
3vah,
3vai,
3vaj,
3vak,
3val,
3vam,
5hro,
1ttu,
1ttt,
5hru,
5hrt,
5d5l,
4z5t,
3qqy,
1jgg,
5d5x,
4z5c,
5amr,
4z5d,
2pkv,
4dpv,
5d5u,
5d5v,
5d5w,
2i82,
1rfi,
2w9b,
4z58,
2w9a,
1rff,
3b0u,
2qeg,
2p6r,
2ih2,
317d,
2ih5,
2ih4,
1q9y,
1q9x,
1y95,
1y99,
5jev,
3s4p,
4fj8,
4fj9,
3cjz,
1io4,
2j6t,
5ebi,
1q9a,
2qek,
2qkb,
3fd2,
5gsk,
4fj7,
5wtk, 5wtk_0_2
3khg,
2ihn,
2ihm,
5wty,
292d,
4znp,
4fji,
4fjj,
4fjk,
4fjl,
4fjm,
4fjn,
2qk9,
3fde,
4fjg,
4fjx,
1qln,
1y9f,
4tu7,
3fdq,
4pdg,
4pdb, 4pdb_0_2
4pdi,
5u31, 5u31_0_1
5u30, 5u30_0_1
4pdq,
2z6q,
1tk8,
2z6u,
5ei9,
2orf,
1zqp,
1tk5,
1tk0,
2z6a,
1zqn,
1zqf,
5u3g,
1p3k,
116d,
4pd2,
1hwt,
4rge,
4cej,
3bx3,
3bx2,
1tkd,
5eim,
2or1,
1pgl,
1yqm,
1yql,
4f02,
3jx7,
1pgz,
1yqr,
2gb7,
4ew4,
4mgt,
2gb9,
4mgw,
473d,
231d,
3udg,
3jxc,
3jxb,
3pvi,
3pvp,
3jxr,
3jxq,
3jxz,
3jxy,
4mg2,
4p1d,
4noe,
4nod,
1a74,
1a73,
465d,
3slp,
3slq,
3d2s,
377d,
3slm,
1bd1,
1ytf,
1ipp,
5cdp,
5cdq,
5cdr,
3ey3,
3ey2,
3ey1,
3ey0,
5cdb,
5cdm,
5cdn,
2xlj,
2xlk,
2xli,
4gg4,
2jlx,
4auw,
4hyk,
4qcl,
4owx,
4py5,
2h1m,
3eyi,
2h1k,
2jlt,
1cyq,
2jlu,
3eyz,
2jlv,
7icq,
7icp,
7ics,
2jlw,
7ict,
7icv,
7ice,
7icg,
7ici,
7ich,
7ick,
7icm,
7icn,
3os1,
3os0,
5kt4,
5kt5,
402d,
5kt2,
3cgr,
1dvl,
4r4d,
4r4e,
4r4a,
3tra,
157d,
128d,
4r48,
4r49,
4r47,
4r44,
4r45,
3osg,
3osf,
4rcm,
2x1f,
2x1a,
4rcj,
5ktj,
3osn,
2ec0,
3uyh,
1fxl,
1sc7,
2bcy,
2bcz,
2bcq, 2bcq_0_1
2bcs, 2bcs_0_1
2bcr, 2bcr_0_1
2bcu,
2bcv, 2bcv_0_1
2awe,
1g6d,
5jrc,
5jre,
2vbj,
2vbn,
2vbo,
2vbl,
2ere,
4afy,
4zsf,
1tv9,
1unj,
1unm,
4kpy,
2ygh, 2ygh_0_1 2ygh_1_1
1tva,
352d,
3qsf,
3qsc,
4lox,
3qsu,
3qsv,
1lei,
2pis,
1vtd,
269d,
1vtg,
1lex,
1ley,
2pi5,
2pi4,
2pi0,
4x1a,
4ejt,
1le8,
1le9,
3glp,
1le5,
369d,
4ejy,
5t7b,
4c8k,
4c8o,
4c8n,
4c8m,
4c8l,
1y73,
4c8z,
4c8y,
3ibk,
4f5o,
2j0s,
1imh,
4zlr,
1y7f,
4zld,
1ims,
1imr,
3hdd,
5ho4,
4par,
3v9w,
5ity,
1bg1,
2opf,
4df4,
4o5c,
114d,
4ut0,
4k8z,
4k8x,
1hys, 1hys_0_1 1hys_1_1
5ego,
1bgb,
5egb,
3rzg,
3rzl,
3rzo,
3rzh,
3rzk,
3pt6,
1k79,
1k78,
4qcb,
3x1s,
1yo5,
3x1v,
1xyi,
3ufd,
3ufj,
3ptx,
4p3s,
4p3u, 4p3u_0_1 4p3u_1_1
4p3t,
2uyc,
2uyh,
4m2z,
3x1l,
4euw,
4gz2,
428d,
1k7a,
8icp,
3k0s,
3sj2,
1ana,
4nmg,
8icx,
4nm6,
4nm1,
2dnj,
463d,
2dnd,
3sjj,
3sjm,
1an4,
2bx2,
375d,
1an2,
5mht,
1a0a,
2xbm,
4jqd,
1nfk,
1eri,
3kmq,
2h7f,
3kms,
2h7h,
3kmd,
1gxp,
5hod,
2oih,
2ees,
2eet,
2eeu,
2eev,
2eew,
4o3r,
4o3s,
4o3p,
4o3q,
4o3n,
4o3o,
1dpl,
1mms,
1p1y,
303d,
1ser,
1seu,
1dp7,
3oqm,
3oqo,
3oqg,
2hos,
2hot,
2hoj, 2hoj_0_6
2hoi,
2hoo, 2hoo_0_6
2hom, 2hom_0_6
2hol, 2hol_0_6
2hof,
5gjb,
4zq9,
2o8b,
2aq4,
2ho6,
4ofh,
4ofa,
4ofe,
4ys3,
4ys5,
3lsp,
1jj6,
3lsr,
1jj4,
5itr,
1jj2, 1jj2_0_1 1jj2_1_1 1jj2_2_1 1jj2_3_1 1jj2_4_1 1jj2_5_1 1jj2_6_1 1jj2_7_1 1jj2_8_1 1jj2_9_1 1jj2_10_1 1jj2_11_1 1jj2_12_1 1jj2_13_1 1jj2_14_1 1jj2_15_1 1jj2_16_1 1jj2_17_1 1jj2_18_1 1jj2_19_2 1jj2_20_2 1jj2_21_2 1jj2_22_2 1jj2_23_2 1jj2_24_2 1jj2_25_2 1jj2_26_2 1jj2_27_2 1jj2_28_2 1jj2_29_2 1jj2_30_2 1jj2_31_2 1jj2_32_2 1jj2_33_3 1jj2_34_4 1jj2_35_11
5itx,
1jj8,
3g9m,
3g9o,
3g9i,
1h3e,
3g9c, 3g9c_0_1
6mht,
1g00,
3g9y,
2oks,
3g9p,
1mow,
1g2j,
4itd,
2hmi,
4itq,
4kr6, 4kr6_0_7 4kr6_1_7
1h38,
2asl,
3rae,
2asj,
3raq,
4oau,
3rax,
4oav,
4dtp,
4dtr,
4dts,
4dtu,
4dtx,
5d9i,
2nq9,
4dtj,
4dtm,
4dtn,
4dto,
3ra4,
3ra0,
3ra9,
5f7q,
2po1,
3w99,
5d99,
3b4c,
3b4b,
3b4a,
3w96,
2nqb, 2nqb_0_1 2nqb_1_1
1kq2,
1t8e,
1t8i,
5tb9,
5tb8,
1ca6,
1ca5,
1jux,
4f3t,
4ff4,
3cfp,
4ff1,
3cfr,
4ff3,
2i91,
4f3o,
1juc,
1ik5, 1ik5_0_2
1am9,
5tba,
5tbc,
5tbb,
5l9x,
1ikk,
2i9k,
2i9g,
2i9t,
1r2z,
1r2y,
2g3s,
1r2o,
5eea,
5eeu,
6msf, 6msf_0_1
5eew,
5eev,
2g32,
3szq,
1lat,
112d,
5eex,
1lau,
2y9h,
5hdn,
477d,
4mky,
4m04,
5szt,
4mkw,
5dar,
2w9c,
4m0a,
2ex5,
5dac,
5dam,
4en5,
3n7q,
1ozj,
4nku,
2bzf,
1a31,
1a36,
1a35,
1a34,
4ynq,
2dlj,
2dlc,
3n78,
461d,
2g8f,
1a3q,
4jah,
5emq,
4yn6,
4yn4,
1nvn,
3kk3,
3kk2,
3kk1,
3mut, 3mut_0_1 3mut_1_2
3mur, 3mur_0_1
4pkd,
3mum, 3mum_0_1 3mum_1_2
1ndn,
4jwn,
4jwm,
5ex7,
2zh2,
2zh3,
4y91,
2zh4,
4qoz,
3mu6,
2zh7,
2zzn,
2zzm,
271d,
3eeo,
4huf,
4hue,
3ow2, 3ow2_0_1 3ow2_1_1 3ow2_2_1 3ow2_3_1 3ow2_4_1 3ow2_5_1 3ow2_6_1 3ow2_7_1 3ow2_8_1 3ow2_9_1 3ow2_10_1 3ow2_11_1 3ow2_12_1 3ow2_13_1 3ow2_14_1 3ow2_15_1 3ow2_16_1 3ow2_17_1 3ow2_18_1 3ow2_19_1 3ow2_20_2 3ow2_21_2 3ow2_22_2 3ow2_23_2 3ow2_24_2 3ow2_25_2 3ow2_26_2 3ow2_27_2 3ow2_28_2 3ow2_29_2 3ow2_30_2 3ow2_31_2 3ow2_32_2 3ow2_33_2 3ow2_34_2 3ow2_35_3 3ow2_36_4
2ppb,
1ftd,
1sgs,
1p3i,
1p3o,
1p3l,
1p3m,
1p3b,
1p3a,
1p3f,
1p3g,
4dii,
4dih,
5kpy, 5kpy_0_1
1p3p,
4xus,
301d,
5hrl,
3owz, 3owz_0_1 3owz_1_1
3oww, 3oww_0_1 3oww_1_1
3owi, 3owi_0_1 3owi_1_1
2p8d,
1p34,
1qv4,
8mht,
1vtu,
1vtt,
1vtw,
1vtv,
1vtq,
1vtr,
4yqw,
1vty,
1vte,
4a75,
4a76,
1vtf,
1vta,
1vtc,
1vtb,
1vtl,
1vto,
1vtn,
1vti,
1vth,
1vtj,
2zha,
4abt,
418d,
1vt5,
1vt7,
1vt6,
4o5e,
1drg,
5bnh,
4o5k,
1vt9,
1vt8,
5bna,
1jh9,
3lqx,
4o5w,
4o5x,
4o5y,
4o5z,
1drz,
5exh,
2gjb,
2oij,
2r2t,
2r2u,
2r2r,
2r2s,
4ir1,
2as5,
2oiu, 2oiu_0_1
4ir9,
2oiy,
390d,
3g6u,
4irc,
2asd,
1trr,
2asb,
4ird,
4irk,
1j3e,
4iri,
1g2e,
2r22,
5fb2,
2r20,
2r21,
1tra,
1m8v,
1m8w,
1mm8,
1m8x,
1m8y,
1tro,
1rh6,
1rh0,
3qws,
2fcy,
1ksp,
2fcz,
5f56,
5f55,
440d,
2fcc,
365d,
3rc8,
4u0y,
4enn,
4enm,
4enc,
4enb,
4ena,
252d,
5f5h, 5f5h_0_1
5f5f,
2nsk,
3iff,
1qv8,
3ifi,
1y39,
5td5,
4c4w,
3av2,
3av1,
4f1h,
3cdm,
5tdk,
5tdj,
3i1d,
1y3o,
1y3s,
1qvg, 1qvg_0_1 1qvg_1_1 1qvg_2_1 1qvg_3_1 1qvg_4_1 1qvg_5_1 1qvg_6_1 1qvg_7_1 1qvg_8_1 1qvg_9_1 1qvg_10_1 1qvg_11_1 1qvg_12_1 1qvg_13_1 1qvg_14_1 1qvg_15_1 1qvg_16_1 1qvg_17_1 1qvg_18_1 1qvg_19_2 1qvg_20_2 1qvg_21_2 1qvg_22_2 1qvg_23_2 1qvg_24_2 1qvg_25_2 1qvg_26_2 1qvg_27_2 1qvg_28_2 1qvg_29_2 1qvg_30_2 1qvg_31_2 1qvg_32_2 1qvg_33_3 1qvg_34_4 1qvg_35_11
4tv0,
3avx,
3avy,
3avw,
3avt,
3avu,
3cd6, 3cd6_0_1 3cd6_1_1 3cd6_2_1 3cd6_3_1 3cd6_4_1 3cd6_5_1 3cd6_6_1 3cd6_7_1 3cd6_8_1 3cd6_9_1 3cd6_10_1 3cd6_11_1 3cd6_12_1 3cd6_13_1 3cd6_14_1 3cd6_15_1 3cd6_16_1 3cd6_17_1 3cd6_18_1 3cd6_19_1 3cd6_20_2 3cd6_21_2 3cd6_22_2 3cd6_23_2 3cd6_24_2 3cd6_25_2 3cd6_26_2 3cd6_27_2 3cd6_28_2 3cd6_29_2 3cd6_30_2 3cd6_31_2 3cd6_32_2 3cd6_33_2 3cd6_34_3 3cd6_35_4
4c40,
3r6r,
3fbd,
5msf,
1r0o,
1r0n,
3hhn, 3hhn_0_1 3hhn_1_1
1r0a,
145d,
110d,
2otj, 2otj_0_1 2otj_1_1 2otj_2_1 2otj_3_1 2otj_4_1 2otj_5_1 2otj_6_1 2otj_7_1 2otj_8_1 2otj_9_1 2otj_10_1 2otj_11_1 2otj_12_1 2otj_13_1 2otj_14_1 2otj_15_1 2otj_16_1 2otj_17_1 2otj_18_1 2otj_19_2 2otj_20_2 2otj_21_2 2otj_22_2 2otj_23_2 2otj_24_2 2otj_25_2 2otj_26_2 2otj_27_2 2otj_28_2 2otj_29_2 2otj_30_2 2otj_31_2 2otj_32_2 2otj_33_2 2otj_34_3 2otj_35_4 2otj_36_11
2otl, 2otl_0_1 2otl_1_1 2otl_2_1 2otl_3_1 2otl_4_1 2otl_5_1 2otl_6_1 2otl_7_1 2otl_8_1 2otl_9_1 2otl_10_1 2otl_11_1 2otl_12_1 2otl_13_1 2otl_14_1 2otl_15_1 2otl_16_1 2otl_17_1 2otl_18_1 2otl_19_2 2otl_20_2 2otl_21_2 2otl_22_2 2otl_23_2 2otl_24_2 2otl_25_2 2otl_26_2 2otl_27_2 2otl_28_2 2otl_29_2 2otl_30_2 2otl_31_2 2otl_32_2 2otl_33_2 2otl_34_3 2otl_35_4
289d,
3ktq,
3ktu,
3uk3,
4cch,
479d,
2ezv,
3ubt,
2gdi, 2gdi_0_1 2gdi_1_6
4fs1,
4m6d, 4m6d_0_7
2ez6,
1orp,
6cro,
1d46,
1d45,
1d44,
1d43,
1d41,
1d40,
1d49,
1d48,
4nii,
4ihy,
3n1j,
1odg,
3n1l,
4n2q,
4nia,
2bte,
1ram,
1odh,
4nid,
4nig,
1vol,
5fk6, 5fk6_0_1 5fk6_1_1
5fk1, 5fk1_0_1
4ni9,
5id6,
1d4r,
1a1v,
4ni7,
1a1g,
1a1f,
1a1i,
1a1h,
1a1k,
1a1j,
1a1l,
2g1p,
4g3i, 4g3i_0_1
1evp,
3uke,
1gt0,
4qm7,
1evv,
5c5j,
5c5w,
346d,
2rfk,
2ssp,
3egz,
1gtw,
1nb7,
1gtr,
1gts,
1gtn,
1gtf,
277d,
3spz,
3k61,
159d,
307d,
3q0r,
3q0l,
4xww,
5axf,
5axe,
5krg,
4rec,
5axn,
5axm,
4xwf,
5axw,
4dkz,
3ouy,
4q43,
1p51, 1p51_0_1 1p51_1_1 1p51_2_1 1p51_3_1
4xw7,
1p54,
4xw0,
1p59,
1si3,
1si2,
1kh6,
4dk9,
4juz,
5cbz,
173d,
5cbx,
5cby,
4ed1,
3nyp,
1vrr,
5jlx,
1jnm,
5jlw,
2csx,
2vhg, 2vhg_0_1 2vhg_1_1
1vro,
1vrl,
3fyl,
3ts0,
3loa,
3akz,
2wna,
3hsb,
2hc7,
3hs1,
392d,
3vyx,
3vyy,
4q5v,
3vyq,
3vyb,
1j1v,
1j1u,
3reh,
3rei,
3rej,
3rek,
3rel,
1c0a,
358d,
3rer,
1kuq, 1kuq_0_1 1kuq_1_2
2gwa,
442d,
1rnb,
3qi5,
4u6k,
4u6m,
4u6l,
4u6p,
4elu,
4elt,
4elv,
1lc4,
5a0v,
5a0w,
5a0t,
2nug,
2nuf,
2nue,
254d,
3gfi,
3cbb,
1awc,
5tf6,
5hn2,
5bzu,
2gwq,
3r86,
4nrw,
1ig9,
1ig7,
4pgx,
3i3m,
1qtq,
4ato,
4c64,
4fbt,
4fbu,
4c63,
4ati,
4wb3, 4wb3_0_1 4wb3_1_1
4wb2, 4wb2_0_1 4wb2_1_1
1cez,
4atk,
2i5w,
2i5s,
1ign,
2i5a,
4uno,
4unc,
4unb,
4una,
4plb,
4un9,
1r68,
5eao,
5ean,
4un3, 4un3_0_1
4un7,
2hbn,
4un5, 4un5_0_1
4un4, 4un4_0_1
4m41,
4m42,
4p97, 4p97_0_1 4p97_1_6
4p95,
1f8v,
5de5, 5de5_0_1
4j39,
4p9r,
422d,
5der,
3jpt,
5det,
3jpr,
3jpq,
3jpp,
3jpo,
3jpn,
3uln,
5dek,
3uld,
5dea, 5dea_0_1
1n8r, 1n8r_0_1 1n8r_1_1 1n8r_2_1 1n8r_3_1 1n8r_4_1 1n8r_5_1 1n8r_6_1 1n8r_7_1 1n8r_8_1 1n8r_9_1 1n8r_10_1 1n8r_11_1 1n8r_12_1 1n8r_13_1 1n8r_14_1 1n8r_15_1 1n8r_16_1 1n8r_17_1 1n8r_18_1 1n8r_19_2 1n8r_20_2 1n8r_21_2 1n8r_22_2 1n8r_23_2 1n8r_24_2 1n8r_25_2 1n8r_26_2 1n8r_27_2 1n8r_28_2 1n8r_29_2 1n8r_30_2 1n8r_31_2 1n8r_32_2 1n8r_33_3 1n8r_34_4 1n8r_35_11
4m4o, 4m4o_0_7
4iqs,
4oq8,
4oq9,
1d65,
1d64,
1ofx,
1d66,
1d61,
1d60,
1d63,
1d62,
4y1j, 4y1j_0_7 4y1j_1_7
3zpl,
3ndb, 3ndb_0_1 3ndb_1_1
3ndk,
3ndh,
1yi2, 1yi2_0_1 1yi2_1_1 1yi2_2_1 1yi2_3_1 1yi2_4_1 1yi2_5_1 1yi2_6_1 1yi2_7_1 1yi2_8_1 1yi2_9_1 1yi2_10_1 1yi2_11_1 1yi2_12_1 1yi2_13_1 1yi2_14_1 1yi2_15_1 1yi2_16_1 1yi2_17_1 1yi2_18_1 1yi2_19_2 1yi2_20_2 1yi2_21_2 1yi2_22_2 1yi2_23_2 1yi2_24_2 1yi2_25_2 1yi2_26_2 1yi2_27_2 1yi2_28_2 1yi2_29_2 1yi2_30_2 1yi2_31_2 1yi2_32_2 1yi2_33_2 1yi2_34_3 1yi2_35_4 1yi2_36_11
5cky,
3uby,
1yij, 1yij_0_1 1yij_1_1 1yij_2_1 1yij_3_1 1yij_4_1 1yij_5_1 1yij_6_1 1yij_7_1 1yij_8_1 1yij_9_1 1yij_10_1 1yij_11_1 1yij_12_1 1yij_13_1 1yij_14_1 1yij_15_1 1yij_16_1 1yij_17_1 1yij_18_1 1yij_19_2 1yij_20_2 1yij_21_2 1yij_22_2 1yij_23_2 1yij_24_2 1yij_25_2 1yij_26_2 1yij_27_2 1yij_28_2 1yij_29_2 1yij_30_2 1yij_31_2 1yij_32_2 1yij_33_2 1yij_34_3 1yij_35_4
3sd8,
3nd4,
3nd3,
1yit, 1yit_0_1 1yit_1_1 1yit_2_1 1yit_3_1 1yit_4_1 1yit_5_1 1yit_6_1 1yit_7_1 1yit_8_1 1yit_9_1 1yit_10_1 1yit_11_1 1yit_12_1 1yit_13_1 1yit_14_1 1yit_15_1 1yit_16_1 1yit_17_1 1yit_18_1 1yit_19_1 1yit_20_2 1yit_21_2 1yit_22_2 1yit_23_2 1yit_24_2 1yit_25_2 1yit_26_2 1yit_27_2 1yit_28_2 1yit_29_2 1yit_30_2 1yit_31_2 1yit_32_2 1yit_33_2 1yit_34_2 1yit_35_3 1yit_36_4 1yit_37_11
5bws,
3sd3, 3sd3_0_1
3zp5,
4hqb,
275d,
1uut,
4hqe,
4hqi,
4hqh,
3e44,
3e45,
3e40,
3e41,
4hqu,
3e43,
344d,
5j29,
2q66,
5j2c,
5j2b,
5j2a,
5j2g,
5j2f,
5j2e,
5j2d,
5j2k,
5j2j,
5hab,
5j2h,
5j2n,
5j2m,
5j2q,
5j2p,
5haw,
1skm,
305d,
1skn,
1skw,
1sks,
1skr,
4yph,
4xqz,
1et4, 1et4_0_1
5cl8,
3mq6,
1p7h,
5cl4,
4xqj,
1p7d,
5cl7,
4xqn,
2xd0,
5cl3,
1sk5,
5kl4,
5kl5,
5kl6,
5kl7,
3u4q,
1p78, 1p78_0_1 1p78_1_1 1p78_2_1 1p78_3_1
1p79,
5cld,
5cle,
4xq8,
2xdb,
5cla,
5clb,
1p71, 1p71_0_1 1p71_1_1
2e43,
2e42,
3u4m,
5clv,
4dm0,
131d,
2vjv, 2vjv_0_1 2vjv_1_1
5jjv,
1vpw,
2vju, 2vju_0_1 2vju_1_1
5jji,
3am1,
4d26,
4d25,
3q3d,
1d11,
3q3z,
4nih,
3n1k,
3amt,
3hqf,
3hqg,
3hqe,
5ffj,
4bdz,
1j75,
3g3y,
4bdy,
5kbd,
4bdp,
405d,
1h9d,
1s47,
394d,
1ma7,
1j7t,
2hap,
3oor,
1ma8,
4g4r,
2han,
1x9m,
1x9n,
444d,
3w3c,
3adb,
1x9c,
2fgp,
3adc,
4ltl,
1x9w,
4u47,
1x9s,
3rg5,
3qk4,
1rlg,
361d,
1xbr,
3gdx,
4ebe,
4ebd,
4ebc,
256d,
3gda,
3ijk,
3ijn,
5th3,
2du4,
4lj0,
3i56, 3i56_0_1 3i56_1_1 3i56_2_1 3i56_3_1 3i56_4_1 3i56_5_1 3i56_6_1 3i56_7_1 3i56_8_1 3i56_9_1 3i56_10_1 3i56_11_1 3i56_12_1 3i56_13_1 3i56_14_1 3i56_15_1 3i56_16_1 3i56_17_1 3i56_18_1 3i56_19_1 3i56_20_2 3i56_21_2 3i56_22_2 3i56_23_2 3i56_24_2 3i56_25_2 3i56_26_2 3i56_27_2 3i56_28_2 3i56_29_2 3i56_30_2 3i56_31_2 3i56_32_2 3i56_33_2 3i56_34_2 3i56_35_3 3i56_36_4 3i56_37_11
2du3,
2ibs,
2ibt,
2ibk,
2qnf,
1cgc,
3i5l,
1qrs,
1qrt,
1qru,
3i5e,
1qrh,
1cgp,
3i5y,
3i5x,
4ljr,
1au7,
3bbm,
3bbi,
3bbk,
4s0h,
4s0n,
1hap,
3hl2,
2b8r,
2b8s,
167d,
4j19,
4gcw,
4gct,
1f6o,
1f6j,
1f6i,
4gck,
1f6e,
1f6c,
3f23,
4gcl,
5dgb,
5dga,
3jrh,
4xnr,
1u35,
4gc6,
4gc7,
1f69,
1f66,
420d,
4j1j,
4j1g,
1u3e,
1r4o,
3jr5,
5dg7,
1r4r,
5dg0,
3jr9,
5dg8,
5dg9,
1n3c,
1d02,
3l3c,
4yhx,
4lt5,
3thy, 3thy_0_2
3thx,
3sbj,
1de8,
1de9,
3thv,
4osz,
4osr,
4qm6,
4osq,
4osv,
4osw,
4ost,
3i2o,
4osj,
4osk,
4osh,
4osi,
4osl,
4osm,
1d0e,
5bua,
5bud,
1dew,
4fep,
5hlg,
4qio,
4qil,
3r9w,
4qik,
200d,
458d,
4hsb,
5hc9,
3ecp,
1mzp,
5hp1,
342d,
3kz8,
3e6c, 3e6c_0_1 3e6c_1_1
2bpf,
1wqy,
5j0e,
5j0y,
5j0x,
5j0q,
5j0p,
5j0s,
5j0r,
4qi2,
5j0t,
5hch,
2pzs,
3oye,
3oyd,
4doc,
3oyf,
3oya,
3oyc,
4xsn,
3oym,
3oyl,
3oyn,
3oyi,
3oyh,
3oyk,
3oyj,
1sm5,
1fn7,
3u6s,
3u6p,
3u6q,
2nll,
1nnj,
1fn1,
4do9,
5kn8,
3u6y,
3oy9,
4jyz,
3u6c,
2xzf,
3u6f,
3u6d,
3u6e,
5cnr, 5cnr_0_1 5cnr_1_6
5cnq,
3u6o,
3u6l,
3u6m,
2vla,
3q51,
3q50,
133d,
3lk9,
4a15,
4alp,
1jbt,
1jbs,
1jbr,
3fu2,
3q5c,
4zyd,
3q5f,
4zym,
4er8,
5jh0,
3q5p,
4al5,
4al7,
4al6,
1jb8,
1jb7,
1n35,
1tx3,
1br3,
4q10,
3hwt,
396d,
1j59,
2uwm, 2uwm_0_1 2uwm_1_1
407d,
4kze, 4kze_0_1 4kze_1_2
4kzd, 4kzd_0_1 4kzd_1_2
1brn,
4rtm,
3mbs,
3hw8,
5fd3,
4ill,
3rtj,
2fio,
2fil,
2fij,
2fii,
2fih,
446d,
1rr8,
3qmi,
3qmh,
3qmc,
3qmb,
3qmg,
3qmd,
4dwi,
5ef0,
1rru,
1rrs,
1rrq,
3ri4,
1rrc,
363d,
1rrj,
4ig8,
1asz,
1asy,
2i13,
1ic8,
4c2u,
4wfl,
1qph,
1qpi,
1qps,
1qpz,
1qpy,
3il2,
1icg,
1ick,
2v4q,
2v4r,
5l1l,
5l1i,
5l1j,
5l1k,
1cit,
4lln,
4wc2,
5dm6, 5dm6_0_1 5dm6_1_1 5dm6_2_1 5dm6_3_1 5dm6_4_1 5dm6_5_1 5dm6_6_1 5dm6_7_1 5dm6_8_1 5dm6_9_1 5dm6_10_1 5dm6_11_1 5dm6_12_1 5dm6_13_1 5dm6_14_1 5dm6_15_1 5dm6_16_1 5dm6_17_1 5dm6_18_1 5dm6_19_1 5dm6_20_1 5dm6_21_1 5dm6_22_1 5dm6_23_1 5dm6_24_1 5dm6_25_2 5dm6_26_2 5dm6_27_2 5dm6_28_2 5dm6_29_2 5dm6_30_2 5dm6_31_2 5dm6_32_2 5dm6_33_2 5dm6_34_2 5dm6_35_3 5dm6_36_4 5dm6_37_9
5dm7, 5dm7_0_1 5dm7_1_1 5dm7_2_1 5dm7_3_1 5dm7_4_1 5dm7_5_1 5dm7_6_1 5dm7_7_1 5dm7_8_1 5dm7_9_1 5dm7_10_1 5dm7_11_1 5dm7_12_1 5dm7_13_1 5dm7_14_1 5dm7_15_1 5dm7_16_1 5dm7_17_1 5dm7_18_1 5dm7_19_1 5dm7_20_1 5dm7_21_1 5dm7_22_1 5dm7_23_1 5dm7_24_2 5dm7_25_2 5dm7_26_2 5dm7_27_2 5dm7_28_2 5dm7_29_2 5dm7_30_2 5dm7_31_2 5dm7_32_2 5dm7_33_2 5dm7_34_3 5dm7_35_4 5dm7_36_9
1qp7,
1qp4,
1qp5,
1qp0,
1qp9,
4s2y,
4s2x,
9ich,
9ico,
4e8x,
9icm,
9icl,
4s2q,
1hc8, 1hc8_0_2
283d,
4e8q, 4e8q_0_1 4e8q_1_1 4e8q_2_1 4e8q_3_2 4e8q_4_2 4e8q_5_3
9icf,
4h5q,
4h5p,
9icy,
4e8n, 4e8n_0_1 4e8n_1_1 4e8n_2_1 4e8n_3_2 4e8n_4_2 4e8n_5_3
9ics,
9icr,
9icq,
9icw,
9icv,
4h5a,
9ict,
339d,
1hcr,
1hcq,
2pvi,
1bmv,
2y1i,
2y1j,
4ktg,
2ykg,
4dkj,
165d,
5krb,
1mus,
3jtg,
4m8b,
3dvo,
4m8o,
3dvv,
1zm5,
4ph5,
3pbx,
4ub5,
4ub4,
4ub3,
3dvz,
4ub1,
426d,
4j7m,
4j7l,
1u1m,
4pha,
1u1o,
1zme,
4phd,
4phe,
1u1k,
4jbm,
4ubc,
4ubb,
4jbk,
4php,
1u1y,
5di4,
1u1q,
1u1p,
5di2,
1u1r,
5luw,
1d2i,
4yfu,
4yft,
5bs8,
1f44,
3tvb,
5bs3,
3l1p,
3l1q,
5luy,
1dgc,
1f4k,
4yf0,
1d21,
1o56,
1o55,
1d22,
1d24,
4ou6,
1f4r,
1d29,
1d28,
340d,
5e54,
5h8w,
206d,
279d,
4qwd,
4qwe,
4kaz,
4qwa,
4qwb,
4qwc,
2br0,
4rp0,
4xw1,
4oin,
3c2k,
2q2u,
2q2t,
5e5s,
224d,
4qw8,
4qw9,
4y1n,
4y1o,
4y1m, 4y1m_0_7
5e5a,
4y1i, 4y1i_0_7 4y1i_1_7 4y1i_2_7 4y1i_3_7
5e5o,
4ka4,
3em2,
2ady,
3u08,
3diz, 3diz_0_1 3diz_1_1 3diz_2_2
3dix, 3dix_0_1 3dix_1_1 3dix_2_2
3diy, 3diy_0_1 3diy_1_1 3diy_2_2
4dav,
2pxp,
2pxq,
1knz,
3u05,
4daq,
3diq, 3diq_0_1 3diq_1_1 3diq_2_2
3dio, 3dio_0_1 3dio_1_1 3dio_2_2
3dil, 3dil_0_1 3dil_1_1 3dil_2_2
3dim, 3dim_0_1 3dim_1_1 3dim_2_2
2pxl,
2pxb,
3dig, 3dig_0_1 3dig_1_1 3dig_2_2
2pxf,
2pxd,
2pxe,
4z7k,
1exj,
1nlw,
5chz,
4da4,
4da3,
3u0u,
1exd,
2nny,
4yb0, 4yb0_0_2
4re7,
1nlc,
5chg,
5chi,
3iqn, 3iqn_0_1
4lq3,
3iqr, 3iqr_0_1
4lq0,
2vnu,
1dct, 1dct_0_1 1dct_1_1
4oi0,
1i7j,
4d6n,
4d6o,
3aaf,
4n41,
4n47,
3vw3,
4n48,
3vw4,
1mey,
398d,
4ij0,
1m07,
2oaa,
401d,
3vwb,
3g73,
5swe,
3g71, 3g71_0_1 3g71_1_1 3g71_2_1 3g71_3_1 3g71_4_1 3g71_5_1 3g71_6_1 3g71_7_1 3g71_8_1 3g71_9_1 3g71_10_1 3g71_11_1 3g71_12_1 3g71_13_1 3g71_14_1 3g71_15_1 3g71_16_1 3g71_17_1 3g71_18_1 3g71_19_2 3g71_20_2 3g71_21_2 3g71_22_2 3g71_23_2 3g71_24_2 3g71_25_2 3g71_26_2 3g71_27_2 3g71_28_2 3g71_29_2 3g71_30_2 3g71_31_2 3g71_32_2 3g71_33_3 3g71_34_4 3g71_35_11
1bpy,
1bpx,
1bpz,
3g78, 3g78_0_1 3g78_1_1 3g78_2_1 3g78_3_2 3g78_4_2 3g78_5_3
318d,
2oa8,
2heo,
1m0e,
1xf2,
3rkq,
2gq6,
2gq7,
2gq4,
2gq5,
3rkf,
2fk6,
1rpz,
1rpu,
4efj,
1rpe,
2oyq,
4j9p,
2v6w,
2dqq,
2dqp,
1aq3, 1aq3_0_1 1aq3_1_1
4pcz,
1ckq,
1aq4, 1aq4_0_1 1aq4_1_1
4lnq,
4k9a,
247d,
4u8t,
2dqo,
2i3q,
281d,
3dir, 3dir_0_1 3dir_1_1 3dir_2_2
1zjn,
2g9c,
118d,
337d,
4dqp,
2g92,
2g91,
4tna,
4hif,
321d,
4tnt,
2zo1, 2zo1_0_1
2zo0, 2zo0_0_1
3eil,
4g0f,
4g0a,
4jl3,
4g0w,
4g0v,
4g0u,
1u78,
4g0r,
4j5v,
5dkw,
3clc,
2gli,
1qn8,
424d,
1t2t,
1zci,
1r8e,
4j50,
1nwq,
4i2h,
1a9n,
2jlg,
1da9,
3zvk,
1f27,
2jly,
2jlz,
3zvn,
1da0,
1da1,
1da2,
1da3,
2er8,
4yd1,
4yd2,
1pup,
5sup,
1puy,
1f2i,
3n1i,
1pue,
1puf,
1i9v,
1i9x, 1i9x_0_1 1i9x_1_1
3c46,
3c44,
3v9x,
1glu,
3v9z,
5e36,
4hot,
3v9s,
3v9u,
4hos,
4hor,
481d,
3v9d,
4qu6,
4qu7,
3e2e,
5e3h,
5e3o,
5e3n,
5e3m,
5e3l,
1fjx,
5cj7,
1fjl,
1fjg, 1fjg_0_1 1fjg_1_1 1fjg_2_1 1fjg_3_1 1fjg_4_1 1fjg_5_1 1fjg_6_1 1fjg_7_1 1fjg_8_1 1fjg_9_1 1fjg_10_1 1fjg_11_1 1fjg_12_1 1fjg_13_2 1fjg_14_2 1fjg_15_2 1fjg_16_2 1fjg_17_2 1fjg_18_3 1fjg_19_3 1fjg_20_3 1fjg_21_3 1fjg_22_3 1fjg_23_3
3u2e,
3u2b,
3u2n,
1njw,
5cjy,
1njz,
1njy,
1njx,
3moj, 3moj_0_1
1nji, 1nji_0_1 1nji_1_1 1nji_2_1 1nji_3_1 1nji_4_1 1nji_5_1 1nji_6_1 1nji_7_1 1nji_8_1 1nji_9_1 1nji_10_1 1nji_11_1 1nji_12_1 1nji_13_1 1nji_14_1 1nji_15_1 1nji_16_1 1nji_17_1 1nji_18_1 1nji_19_2 1nji_20_2 1nji_21_2 1nji_22_2 1nji_23_2 1nji_24_2 1nji_25_2 1nji_26_2 1nji_27_2 1nji_28_2 1nji_29_2 1nji_30_2 1nji_31_2 1nji_32_2 1nji_33_3 1nji_34_4 1nji_35_11
2d7d,
3isd,
1jfi,
3isc,
3isb,
1jfs,
3fq5,
1jft,
2vpl, 2vpl_0_1
2cky, 2cky_0_1
4flv,
3fqb,
1d79,
4flx,
4fly,
4ah1,
4ah0,
403d,
1m69,
1bvo,
1m6f,
1m6g,
1tdz,
2og0,
1m6r,
4iht,
4ihw,
4ihv,
1m6x,
4ihx,
4n2s,
137d,
438d,
2fms,
2fmq,
2fmp,
1k82,
2fmt,
1rv5,
4ed8,
4mte,
4mtd,
2gw0,
4ed0,
4ed3,
4ed2,
4ed5,
4ed7,
1c8c,
1k8w,
1k8p,
1xhz,
1xhv,
1xhu,
2gwe,
1k8g,
1k8a, 1k8a_0_1 1k8a_1_1 1k8a_2_1 1k8a_3_1 1k8a_4_1 1k8a_5_1 1k8a_6_1 1k8a_7_1 1k8a_8_1 1k8a_9_1 1k8a_10_1 1k8a_11_1 1k8a_12_1 1k8a_13_1 1k8a_14_1 1k8a_15_1 1k8a_16_1 1k8a_17_1 1k8a_18_1 1k8a_19_2 1k8a_20_2 1k8a_21_2 1k8a_22_2 1k8a_23_2 1k8a_24_2 1k8a_25_2 1k8a_26_2 1k8a_27_2 1k8a_28_2 1k8a_29_2 1k8a_30_2 1k8a_31_2 1k8a_32_2 1k8a_33_3 1k8a_34_4 1k8a_35_11
1rvc,
1rvb,
1rva,
2gws,
2fr4,
3czw,
7bna,
1ph7,
1ph6,
1ph5,
1ph4,
1ph3,
1ph1,
1ph9,
1ph8,
4fzx,
4fzy,
4fzz,
1cma,
2bu1, 2bu1_0_1 2bu1_1_1
245d,
3rma,
3rmb,
3rmc,
3rmd,
1phj,
3rmp,
1kb2,
335d,
287d,
5eyb,
5eyo,
1w7a,
4f5r,
2zi0,
323d,
196d,
161d,
3et8,
1duh,
1ec6,
4h10,
3uta,
3utb,
4jf2,
3pf5,
3pf4,
1nuj,
1zaa,
3ut9,
4ptf,
1zay,
1nuv,
1ecr,
5cwr,
1rna,
3c2p,
3trz,
1dc0,
1dc1,
1ya6,
2et3,
2et0,
2et5,
2et4,
3c2i,
3c2j, 3c2j_0_1 3c2j_1_1
2et8,
3c2l,
3c2m,
3a5u,
4yb1, 4yb1_0_1 4yb1_1_1
382d,
367d,
1dcv,
1dcw,
1ve8,
1dcr,
4oi1,
1f0o,
3c28,
3c29,
1i7d,
3nl0,
5swm,
1dcg,
2etw,
1pwf,
4as1,
1f0v,
5mfx,
4hiv, 4hiv_0_1
4hik,
4hio,
4him,
4kmf,
452d,
4hig,
483d,
4hid,
5ev4,
5hix,
1ku7,
3ei2,
3ei1,
2bnw,
2bnz,
2bny, 2bny_0_1 2bny_1_1
2bna,
220d,
5ev3,
5avb,
5avc,
5jb2,
1ssp,
3h15,
1fhy,
1fhz,
1mjo,
3gs8,
5esp,
3gs5,
1nh2,
3gs1,
1kbu,
5a0m,
1lv5,
5av5,
5av6,
5av8,
5av9,
3mis,
3mip,
1kb6,
1kb4,
3mij,
3gsk,
3gsj,
4y60,
1q2r,
5guh,
5jbg,
2qfj,
2d5v,
5gxh,
5gxi,
3fs0,
3a6n,
299d,
1q29,
3lel,
3fsi,
4zcf,
3aev,
2d55,
1crx,
4lup,
3fsp,
4k50,
5fhj,
2oeu,
4n0t,
1tfw,
4ifd,
2oe8,
2oe6,
4n0o,
2oe5,
1l3t,
4ez6,
4ez2,
4mzr,
4ez9,
1rta,
5dpk,
1xjv,
2wt7,
1xjr, 1xjr_0_1 1xjr_1_2
1xjy,
1xjx,
4jzu,
2gun, 2gun_0_1
2wtf,
2wty,
3py8,
1xj9,
4fxd,
3syw,
3syz,
5l7c,
5tpy,
1yz9,
180d,
378d,
1qzg,
1qzh,
1qzl,
243d,
1pjo,
1pji,
1pjj,
1pjg,
1yzd,
1l9a,
333d,
285d,
2b0d,
2b0e,
2zko,
5ewg,
5ewf,
5ewe,
2b0k,
1wd0,
1wd1,
2zkf,
3kxt,
1qtm,
343d,
3cxc, 3cxc_0_1 3cxc_1_1 3cxc_2_1 3cxc_3_1 3cxc_4_1 3cxc_5_1 3cxc_6_1 3cxc_7_1 3cxc_8_1 3cxc_9_1 3cxc_10_1 3cxc_11_1 3cxc_12_1 3cxc_13_1 3cxc_14_1 3cxc_15_1 3cxc_16_1 3cxc_17_1 3cxc_18_1 3cxc_19_2 3cxc_20_2 3cxc_21_2 3cxc_22_2 3cxc_23_2 3cxc_24_2 3cxc_25_2 3cxc_26_2 3cxc_27_2 3cxc_28_2 3cxc_29_2 3cxc_30_2 3cxc_31_2 3cxc_32_2 3cxc_33_3 3cxc_34_4 3cxc_35_11
4nxh,
4wls,
4nxz,
5ew7,
5ew4,
325d,
194d,
123d,
1zg1,
4g4o,
1zg5,
4j9s,
4j9r,
3pdr, 3pdr_0_1 3pdr_1_4
1utd,
4jd8,
3ode,
3uvf,
3odc,
3dpg,
3oda,
4j9m,
4j9l,
4g4q,
4j9n,
3odh,
4b9m,
4b9l,
4b9n,
5do4, 5do4_0_2
5do5,
3bjy,
3od8,
4b9u,
4b9t,
4b9v,
4e2r,
4b9s,
1iaw,
3nna,
3nnc,
3nnh,
1o3q,
1o3s,
1o3r,
1o3t,
3c0x,
3c0w,
1d8y,
1d8x,
4aqx,
417d,
1d8g,
4okl,
4ley,
1vc0,
1vc6,
380d,
2evi,
1d82,
1i5w,
1d80,
1d87,
1d86,
1d85,
1dmu,
1d89,
1d88,
2evg,
2evf,
1i5l,
2ktq,
1l8v, 1l8v_0_1 1l8v_1_1 1l8v_2_2
4qqb,
1b2m,
5c9h,
4qqw,
3ogd,
4qqz,
5hk3,
5hk0,
9ant,
1oh5,
1oh6,
1oh7,
1oh8, 1oh8_0_1
2bh2,
2hr1,
208d,
5hkc,
1b23,
3vnv,
4j8v,
4j8w,
2hri,
222d,
5kfj,
1suz,
5i3u,
5kfi,
1ffk, 1ffk_0_1 1ffk_1_1 1ffk_2_1 1ffk_3_1 1ffk_4_1 1ffk_5_1 1ffk_6_1 1ffk_7_1 1ffk_8_1 1ffk_9_1 1ffk_10_1 1ffk_11_1 1ffk_12_1 1ffk_13_1 1ffk_14_1 1ffk_15_1 1ffk_16_1 1ffk_17_1 1ffk_18_2 1ffk_19_2 1ffk_20_2 1ffk_21_2 1ffk_22_2 1ffk_23_2 1ffk_24_2 1ffk_25_2 1ffk_26_2 1ffk_27_2 1ffk_28_2 1ffk_29_2 1ffk_30_2 1ffk_31_2 1ffk_32_3 1ffk_33_4
5kfo,
5kfl,
5kfm,
1kdh,
5kfc,
5kfa,
5kff,
5kfg,
5kfd,
5kfe,
3gq5,
3gq4,
5kfx,
5kfy,
3gq3,
5kfr,
5kfs,
5kfp,
5kfq,
5kfv,
5kfw,
5kft,
5kfu,
4rq5,
4rq4,
4rq7,
4rq6,
4rq1,
4rq0,
3gqc,
4rq2,
4rq8,
1kd1, 1kd1_0_1 1kd1_1_1 1kd1_2_1 1kd1_3_1 1kd1_4_1 1kd1_5_1 1kd1_6_1 1kd1_7_1 1kd1_8_1 1kd1_9_1 1kd1_10_1 1kd1_11_1 1kd1_12_1 1kd1_13_1 1kd1_14_1 1kd1_15_1 1kd1_16_1 1kd1_17_1 1kd1_18_1 1kd1_19_2 1kd1_20_2 1kd1_21_2 1kd1_22_2 1kd1_23_2 1kd1_24_2 1kd1_25_2 1kd1_26_2 1kd1_27_2 1kd1_28_2 1kd1_29_2 1kd1_30_2 1kd1_31_2 1kd1_32_2 1kd1_33_3 1kd1_34_4 1kd1_35_11
1kd3,
1kd4,
1kd5,
3mkw,
5ay4,
3mky,
3mkz,
1fq2,
3wzi,
4dl6,
4dl7,
4i9v,
4lw0, 4lw0_0_1
4i9q,
4un8,
2vtb,
2cgp,
100d,
3qx3,
3fmt,
2d34,
10mh,
3bie,
3qxr,
434d,
4q9q, 4q9q_0_1 4q9q_1_2
4crx,
3q23,
3dnb,
1g2f,
1zz5,
3fx8,
3bq0, 3bq0_0_1
3bq1, 3bq1_0_1
3bq2, 3bq2_0_1
1rzt,
1rzr,
1v3p,
1g2d,
1zzj,
1zzi,
2pwt,
4m45,
4m47,
3qe9,
182d,
4ari,
3qes,
3qer,
3qep,
3qew,
3qev,
1yxp,
3qet,
3qex,
1qx0,
3qeb,
5d23,
5b31,
5b32,
5b33,
3d6z,
3d6y,
331d,
3eph,
3kfu,
2b2d,
2b2b,
3epg,
2zuf,
2zue,
2o3x,
2o3y,
2o3v,
2o3w,
327d,
192d,
4w5n,
4nfp,
4nfq,
1vq9, 1vq9_0_1 1vq9_1_1 1vq9_2_1 1vq9_3_1 1vq9_4_1 1vq9_5_1 1vq9_6_1 1vq9_7_1 1vq9_8_1 1vq9_9_1 1vq9_10_1 1vq9_11_1 1vq9_12_1 1vq9_13_1 1vq9_14_1 1vq9_15_1 1vq9_16_1 1vq9_17_1 1vq9_18_1 1vq9_19_1 1vq9_20_2 1vq9_21_2 1vq9_22_2 1vq9_23_2 1vq9_24_2 1vq9_25_2 1vq9_26_2 1vq9_27_2 1vq9_28_2 1vq9_29_2 1vq9_30_2 1vq9_31_2 1vq9_32_2 1vq9_33_2 1vq9_34_2 1vq9_35_3 1vq9_36_4 1vq9_37_11
5jk0,
3cvy,
1oup,
3cvt,
3cvu,
3cvv,
4nfo,
1ouz,
3cvs,
1vq5, 1vq5_0_1 1vq5_1_1 1vq5_2_1 1vq5_3_1 1vq5_4_1 1vq5_5_1 1vq5_6_1 1vq5_7_1 1vq5_8_1 1vq5_9_1 1vq5_10_1 1vq5_11_1 1vq5_12_1 1vq5_13_1 1vq5_14_1 1vq5_15_1 1vq5_16_1 1vq5_17_1 1vq5_18_1 1vq5_19_2 1vq5_20_2 1vq5_21_2 1vq5_22_2 1vq5_23_2 1vq5_24_2 1vq5_25_2 1vq5_26_2 1vq5_27_2 1vq5_28_2 1vq5_29_2 1vq5_30_2 1vq5_31_2 1vq5_32_2 1vq5_33_2 1vq5_34_3 1vq5_35_4 1vq5_36_11
121d,
4g6p,
4g6s,
4g6r,
2re8,
3oju,
5es0, 5es0_0_1 5es0_1_1 5es0_2_2 5es0_3_2
1ze2,
3ojs,
1eg6,
1y84,
4rj1,
1u9s, 1u9s_0_1 1u9s_1_1 1u9s_2_2 1u9s_3_2 1u9s_4_2 1u9s_5_3
4ppx,
1zez,
1nqs,
1zex,
1zey,
1zev,
1zew,
1zet,
4e0y,
4e0z,
4e0d,
4e0g,
1egw,
4e0j,
3nhg,
1vas,
1vaq,
4fm9,
2jja,
5iim,
3ulp,
5iio,
5iin,
5iii,
4qr9,
5iik,
5deu,
3nh2,
3nh1,
3nh0,
5dev,
4l18,
1i3w,
1i3t,
4fm1,
1dou,
5d2s,
1i3j,
4z4i,
3v7j,
3v7k,
4fxm,
456d,
4bwj,
4bwm,
3v7e, 3v7e_0_1
2bj6,
2gjw, 2gjw_0_3
4j3n,
3m8r,
3m8s,
1uaa,
348d,
1oj8,
1l3d,
1ua1,
1ua0,
4bw0,
4ki4,
4ki6,
3v72,
3v71,
1b01,
3m85,
3v74,
2alz,
1l3z,
1kfo,
4rwp,
2fvr,
2fvs,
2fvp,
2fvq,
3u89,
260d,
1l3v,
1fdg,
1vqp, 1vqp_0_1 1vqp_1_1 1vqp_2_1 1vqp_3_1 1vqp_4_1 1vqp_5_1 1vqp_6_1 1vqp_7_1 1vqp_8_1 1vqp_9_1 1vqp_10_1 1vqp_11_1 1vqp_12_1 1vqp_13_1 1vqp_14_1 1vqp_15_1 1vqp_16_1 1vqp_17_1 1vqp_18_1 1vqp_19_2 1vqp_20_2 1vqp_21_2 1vqp_22_2 1vqp_23_2 1vqp_24_2 1vqp_25_2 1vqp_26_2 1vqp_27_2 1vqp_28_2 1vqp_29_2 1vqp_30_2 1vqp_31_2 1vqp_32_2 1vqp_33_3 1vqp_34_4
1kfv,
1lrr,
4rwo,
1kfs,
1l3u,
1l3s,
1vqk, 1vqk_0_1 1vqk_1_1 1vqk_2_1 1vqk_3_1 1vqk_4_1 1vqk_5_1 1vqk_6_1 1vqk_7_1 1vqk_8_1 1vqk_9_1 1vqk_10_1 1vqk_11_1 1vqk_12_1 1vqk_13_1 1vqk_14_1 1vqk_15_1 1vqk_16_1 1vqk_17_1 1vqk_18_1 1vqk_19_2 1vqk_20_2 1vqk_21_2 1vqk_22_2 1vqk_23_2 1vqk_24_2 1vqk_25_2 1vqk_26_2 1vqk_27_2 1vqk_28_2 1vqk_29_2 1vqk_30_2 1vqk_31_2 1vqk_32_2 1vqk_33_2 1vqk_34_3 1vqk_35_4
1fd5,
3mei, 3mei_0_1
3h5x,
3h5y,
1kf1,
1b3t,
2iso,
3fo6,
4i7y, 4i7y_0_1
3fo4,
295d,
3la5,
4ly2,
1jxl,
2isz,
2isp,
102d,
3qz7, 3qz7_0_1
3qz8, 3qz8_0_1
1d67,
3ayw,
2a43,
3foz,
1jx4,
1cvx,
1cvy,
3laj,
2is6,
2is4,
1cvj,
2is1,
1xcs,
4klt,
2oyt,
3omj,
409d,
4ibw,
4ibv,
4ibu,
4klg,
4k1g,
4tyn,
4tyw,
1t7p,
4hdv,
5en1,
310d,
2qbz, 2qbz_0_1 2qbz_1_4
4tyy,
4lvw, 4lvw_0_1
2nvq,
1rxw,
1rxv,
5dto,
5dtd,
3bs1,
1rxa,
1rxb,
1zx4,
1zx7,
5d4r,
2gyx,
1jrn,
2is2,
4lvz, 4lvz_0_1
4lvx, 4lvx_0_1
3wpe,
257d,
3bsb,
5frn,
5frm,
3bse,
3bsn,
3bso,
1n77,
3bsu,
3bsx,
1n78,
5ke9,
3suo,
3sun,
3suh, 3suh_0_1 3suh_1_1
5ke7,
3sup,
3sux, 3sux_0_1 3sux_1_1
3qg9,
4fth,
5g4t,
5g4u,
5g4v,
4ftb,
216d,
2dyw,
184d,
1pnr,
238d,
3zc0,
1yvp,
4gpw,
3qgc,
3qgb,
2dy4,
4gpy,
4gpx,
2zke,
2zkd,
3eru,
3ere,
3kde,
1hmh,
329d,
190d,
1g4q,
1hao,
3kd1,
3kd5,
1owg,
1owf,
3er9,
2o19,
4ndf,
4ndg,
4ndh,
4ndi,
1owr,
4rhd,
4xbf,
4pr6,
3p59, 3p59_0_5 3p59_1_5
3p57,
127d,
4e60,
4e68,
3ohb,
3oha,
4prf,
3zp8,
2rgr,
3oh9,
3bnq,
3bnp,
3bns,
3bnr,
3oh6,
3bnt,
4e6b,
3bnl,
3bno,
3bnn,
3bna,
1eel,
4oog,
1s10,
1di2,
4oor,
5trd,
384d,
413d,
5bym,
5byg,
4o8j,
2pue,
1diz,
1s1l,
1s1k,
4oo8, 4oo8_0_1
3nj6,
1i1p,
1l4j,
4bul,
3v1z,
454d,
1gdt,
4wlw,
3vjr,
2ana,
2hvh,
2hvi,
2ann,
2hvr,
2hvs,
2anr,
2hvy,
2bdp,
1gd2,
1hi0,
5kla,
5ew1, 5ew1_0_1
3pw5,
4qkk,
5k58,
2pfp,
2pfq,
4k4u,
3iv5,
4rum,
4rul,
2pfn,
2pfo,
4ruc,
1lli,
1kxk, 1kxk_0_2 1kxk_1_2
1rcn,
4csf,
3vrs,
1kx4,
1kx5,
3mgv,
3mgq, 3mgq_0_1
3e42,
5ah5,
5k5q, 5k5q_0_1
1tau,
259d,
5f8l,
5f8n,
5f8i,
5f8h,
5f8j,
4skn,
5f8g,
4k4x,
3mgi,
3mgh,
4hqx,
1rc7,
1rc8,
2imw,
3wu1,
2ccz,
297d,
2a6o, 2a6o_0_1 2a6o_1_1
4k4h,
1qcu,
2a66,
1zrf,
4j9q,
4g4n,
4z0c,
1cf7,
1zrc,
1qc1,
1qc0,
4cn5,
4cn7,
4cn3,
4cn2,
5elk,
5elh,
5elr,
5els,
5elt,
5elx,
2ql2,
1ea4,
4j9o,
4k32,
4j9k,
4k31,
5j2i,
312d,
1fn2,
1n5c,
4p4p,
1xpx,
1xpf,
1xpe,
3bu0,
4p4m,
4p4o,
2ivh,
2ivk, 2ivk_0_1
1xp7,
4p43, 4p43_0_1 4p43_1_1
3buc,
1n56,
3hcl,
4usg,
3ssc,
3ssf,
3sse,
3ssd,
372d,
210d,
468d,
1uhy,
2dgc,
4frg, 4frg_0_1
2ddg,
1yty,
4gre,
236d,
3d2g, 3d2g_0_1
1ytu,
3d2x, 3d2x_0_1
1ytb,
3d2w,
3d2v, 3d2v_0_1
1wb9,
3cr1,
1wbd,
1wbb,
1z63,
3zkc,
3crx,
4wrt,
1agl,
3cro,
4rnk,
4rnm,
4rnn,
4rno,
4rne,
2e9t,
2e9r,
1p8k,
2e9z,
4e48,
5cl9,
4jng,
2ram,
3on0,
4xqk,
5cl5,
4jnx,
178d,
5cl6,
5hrg,
4b3t, 4b3t_0_1 4b3t_1_1 4b3t_2_1 4b3t_3_1 4b3t_4_1 4b3t_5_1 4b3t_6_1 4b3t_7_1 4b3t_8_1 4b3t_9_1 4b3t_10_1 4b3t_11_1 4b3t_12_1 4b3t_13_1 4b3t_14_1 4b3t_15_2 4b3t_16_2 4b3t_17_2 4b3t_18_2 4b3t_19_2 4b3t_20_3 4b3t_21_3 4b3t_22_3 4b3t_23_3 4b3t_24_3 4b3t_25_3 4b3t_26_3
4b3r, 4b3r_0_1 4b3r_1_1 4b3r_2_1 4b3r_3_1 4b3r_4_1 4b3r_5_1 4b3r_6_1 4b3r_7_1 4b3r_8_1 4b3r_9_1 4b3r_10_1 4b3r_11_1 4b3r_12_1 4b3r_13_1 4b3r_14_1 4b3r_15_2 4b3r_16_2 4b3r_17_2 4b3r_18_2 4b3r_19_2 4b3r_20_3 4b3r_21_3 4b3r_22_3 4b3r_23_3 4b3r_24_3 4b3r_25_3
5hri,
4b3m, 4b3m_0_1 4b3m_1_1 4b3m_2_1 4b3m_3_1 4b3m_4_1 4b3m_5_1 4b3m_6_1 4b3m_7_1 4b3m_8_1 4b3m_9_1 4b3m_10_1 4b3m_11_1 4b3m_12_1 4b3m_13_1 4b3m_14_1 4b3m_15_2 4b3m_16_2 4b3m_17_2 4b3m_18_2 4b3m_19_2 4b3m_20_3 4b3m_21_3 4b3m_22_3 4b3m_23_3 4b3m_24_3 4b3m_25_3 4b3m_26_3
4e4o,
5hrh,
4b3g,
5hrk,
4l5k,
3tzr, 3tzr_0_1 3tzr_1_5
411d,
1o9m,
1s32,
4l5s,
4l5r,
3lz1,
3lz0,
1dk1, 1dk1_0_1 1dk1_1_2
3lzj,
3lzi,
4r3i,
1l6b,
5jw0,
4aqu,
5lej,
5lek,
152d,
2elg,
1mtl,
1o3z,
3vd6,
3vd1,
3vd0,
2r9l,
1e3o,
1e3m,
3m4a,
2ht0,
2hto,
3vdy,
2ahi,
1g9z,
1g9y,
2htt,
5kl2,
5kl3,
3mqk,
2nz4,
1lnt,
5ana,
1lng,
5clc,
264d,
1jgr,
5k7d,
4x4n,
4x4h,
4x4i,
5k7c,
4x4d,
4x4e,
4x4f,
4x4g,
4x4b,
4x4c,
5fk4, 5fk4_0_1 5fk4_1_1
1ue3,
1ue2,
1ue4,
5fk2, 5fk2_0_1
5fk3, 5fk3_0_1
4x4t,
4x4u,
4x4v,
4x4p, 4x4p_0_3
5k7z,
3maq,
2fz2,
2nzd,
3o6e,
267d,
5fkd, 5fkd_0_1 5fkd_1_1
5fke, 5fke_0_1 5fke_1_1
5fkf,
5fkg, 5fkg_0_1
5fkh, 5fkh_0_1
4u92,
5k77,
2w42,
5k78,
2cax,
1cz0,
2a0p,
2c62,
2a0i,
291d,
5amq,
4zkk,
5i50,
2gic,
1qai,
1qaj,
5ddq,
4z66,
5ddp,
2c6y,
2evh,
2a07,
1d81,
2a04,
2evj,
4z5h,
5d0b,
5d0a,
1qa6, 1qa6_0_2
4z6c,
4z6d,
4z6e,
4z6f,
4fo6,
355d,
2p66,
3co7,
3co6,
3co3,
2vz4,
314d,
1zf9,
4chu,
432d,
4f8g,
1tn1,
3coa,
1tn2,
4f8i,
4f8v,
4f8u,
4f8r,
3coq,
1t3n,
3s9h,
1hr2, 1hr2_0_1 1hr2_1_1 1hr2_2_2
9dna,
3ex7,
5jju,
4bqa,
3zvm,
4erl, 4erl_0_1 4erl_1_1 4erl_2_2
4erj, 4erj_0_1 4erj_1_1 4erj_2_2
1k2l,
1n3a,
4erd, 4erd_0_2
1n3e,
1n3f,
1k2z,
3hax,
1n38,
1n39,
4uqm,
1n32, 1n32_0_1 1n32_1_1 1n32_2_1 1n32_3_1 1n32_4_1 1n32_5_1 1n32_6_1 1n32_7_1 1n32_8_1 1n32_9_1 1n32_10_1 1n32_11_1 1n32_12_1 1n32_13_1 1n32_14_2 1n32_15_2 1n32_16_2 1n32_17_2 1n32_18_2 1n32_19_3 1n32_20_3 1n32_21_3 1n32_22_3 1n32_23_3 1n32_24_3
4uqg,
3agv,
3sqi,
3ted,
188d,
370d,
3rw6, 3rw6_0_2 3rw6_1_2
3sqx,
3zgz,
3sqw,
4fpv,
2des,
2dem,
212d,
466d,
5iwi,
1yrj,
1yrm,
1yrn,
3rwu,
3sq1,
3sq0,
3sq2,
3sq4,
2ab4,
3d0p,
3d0u, 3d0u_0_1 3d0u_1_1 3d0u_2_2
1iu3,
3a5t,
4fp6,
3d0x, 3d0x_0_1 3d0x_1_1 3d0x_2_2
3d0a,
234d,
3d0m,
3ool,
4lb6,
3uxw,
2o5j,
2o5i,
2o5e,
2o5c,
1z43,
5ds9,
1osu,
2o59,
3cpw, 3cpw_0_1 3cpw_1_1 3cpw_2_1 3cpw_3_1 3cpw_4_1 3cpw_5_1 3cpw_6_1 3cpw_7_1 3cpw_8_1 3cpw_9_1 3cpw_10_1 3cpw_11_1 3cpw_12_1 3cpw_13_1 3cpw_14_1 3cpw_15_1 3cpw_16_1 3cpw_17_1 3cpw_18_1 3cpw_19_1 3cpw_20_2 3cpw_21_2 3cpw_22_2 3cpw_23_2 3cpw_24_2 3cpw_25_2 3cpw_26_2 3cpw_27_2 3cpw_28_2 3cpw_29_2 3cpw_30_2 3cpw_31_2 3cpw_32_2 3cpw_33_2 3cpw_34_3 3cpw_35_4
2o54,
2h27,
4wtk,
4wtj,
4wti,
1osb,
4wtm,
4wtl,
4wtc,
4wta,
4wtg,
4wtf,
4wte,
4wtd,
1eo4,
3olb,
3ola,
1ei4,
2x2q,
1fym,
2xo7,
1fyk,
5cys,
3ol8,
3ol9,
3ol6,
3ol7,
4r15,
1du0,
4ocb,
4ocd,
3nvi,
5jum,
5jub,
2j6s,
3q8l,
3q8m,
3q8k,
388d,
3q8p,
3q8q,
3q8r,
3q8s,
1duq, 1duq_0_1
5lgy,
2j6u,
1dux,
5ju4,
5i9d,
5kn9,
1dul,
2f4s,
4ay2,
2f4u,
150d,
308d,
4fj5,
3mxh, 3mxh_0_1 3mxh_1_2
1mjq,
2yjy,
4kwx,
4hca,
1mjm,
4hcc,
4hcb,
1mji, 1mji_0_2 1mji_1_2
3mxm,
5hso,
1nyi,
1tup,
3d71,
4hc9,
4kw0,
1mj2,
4hc7,
1eon,
2ajq,
3rn2,
4kxt,
2quw,
2qus,
2qux, 2qux_0_1
5kfk,
5kfh,
5bmz,
5kfn,
3l25,
5kfb,
5k1y,
1rgt,
1rgu,
4fjh,
1y9s,
3gim,
3gil,
3s49,
3gii,
3gik,
3gij,
3gib,
5kfz,
1rg1,
1rg2,
1q93,
1ffy,
5wsq,
5wsp,
5wss,
5wsr,
293d,
1q96,
5ewb,
2iie,
2iif,
1y8v,
4z47,
2f4t,
1y8z,
3r1d,
3r1e,
2c4q, 2c4q_0_1 2c4q_1_1
3r1c,
1y8l,
2c4y, 2c4y_0_1 2c4y_1_1
1d12,
1v3n,
2c4z, 2c4z_0_1 2c4z_1_1
2jg3,
1y86,
266d,
449d,
4mnb,
4z4f,
4z4g,
4z4d,
4z4e,
4z4b,
4z4c,
5d2q,
4z4h,
4fm2,
4cja,
5ff8,
1q86, 1q86_0_1 1q86_1_1 1q86_2_1 1q86_3_1 1q86_4_1 1q86_5_1 1q86_6_1 1q86_7_1 1q86_8_1 1q86_9_1 1q86_10_1 1q86_11_1 1q86_12_1 1q86_13_1 1q86_14_1 1q86_15_1 1q86_16_1 1q86_17_1 1q86_18_1 1q86_19_2 1q86_20_2 1q86_21_2 1q86_22_2 1q86_23_2 1q86_24_2 1q86_25_2 1q86_26_2 1q86_27_2 1q86_28_2 1q86_29_2 1q86_30_2 1q86_31_2 1q86_32_2 1q86_33_3 1q86_34_4 1q86_35_11
1q82, 1q82_0_1 1q82_1_1 1q82_2_1 1q82_3_1 1q82_4_1 1q82_5_1 1q82_6_1 1q82_7_1 1q82_8_1 1q82_9_1 1q82_10_1 1q82_11_1 1q82_12_1 1q82_13_1 1q82_14_1 1q82_15_1 1q82_16_1 1q82_17_1 1q82_18_1 1q82_19_2 1q82_20_2 1q82_21_2 1q82_22_2 1q82_23_2 1q82_24_2 1q82_25_2 1q82_26_2 1q82_27_2 1q82_28_2 1q82_29_2 1q82_30_2 1q82_31_2 1q82_32_2 1q82_33_3 1q82_34_4 1q82_35_11
1q81, 1q81_0_1 1q81_1_1 1q81_2_1 1q81_3_1 1q81_4_1 1q81_5_1 1q81_6_1 1q81_7_1 1q81_8_1 1q81_9_1 1q81_10_1 1q81_11_1 1q81_12_1 1q81_13_1 1q81_14_1 1q81_15_1 1q81_16_1 1q81_17_1 1q81_18_1 1q81_19_2 1q81_20_2 1q81_21_2 1q81_22_2 1q81_23_2 1q81_24_2 1q81_25_2 1q81_26_2 1q81_27_2 1q81_28_2 1q81_29_2 1q81_30_2 1q81_31_2 1q81_32_2 1q81_33_3 1q81_34_4 1q81_35_11
316d,
4f6m,
4f6n,
5eh2,
3cme, 3cme_0_1 3cme_1_1 3cme_2_1 3cme_3_1 3cme_4_1 3cme_5_1 3cme_6_1 3cme_7_1 3cme_8_1 3cme_9_1 3cme_10_1 3cme_11_1 3cme_12_1 3cme_13_1 3cme_14_1 3cme_15_1 3cme_16_1 3cme_17_1 3cme_18_1 3cme_19_2 3cme_20_2 3cme_21_2 3cme_22_2 3cme_23_2 3cme_24_2 3cme_25_2 3cme_26_2 3cme_27_2 3cme_28_2 3cme_29_2 3cme_30_2 3cme_31_2 3cme_32_2 3cme_33_2 3cme_34_3 3cme_35_4 3cme_36_11
4i1g,
5t2w,
3cma, 3cma_0_1 3cma_1_1 3cma_2_1 3cma_3_1 3cma_4_1 3cma_5_1 3cma_6_1 3cma_7_1 3cma_8_1 3cma_9_1 3cma_10_1 3cma_11_1 3cma_12_1 3cma_13_1 3cma_14_1 3cma_15_1 3cma_16_1 3cma_17_1 3cma_18_1 3cma_19_2 3cma_20_2 3cma_21_2 3cma_22_2 3cma_23_2 3cma_24_2 3cma_25_2 3cma_26_2 3cma_27_2 3cma_28_2 3cma_29_2 3cma_30_2 3cma_31_2 3cma_32_2 3cma_33_3 3cma_34_4
2qhb,
3cmy,
3cmw,
3s7c,
2hax,
3hg8,
2gcv,
1k4t,
4rq3,
2gcs,
4p0p,
4p0q,
1n1o,
1n1h,
3pw0,
3pw2,
3pw4,
3jy1,
3pw7, 3pw7_0_1
2orh,
2org,
3hga,
1zre,
1zrd,
3hgd,
3tci,
5tzv,
2xrz,
376d,
1a6y,
4gv3,
4gv6,
4gv9,
1zqi,
2dcg,
249d,
464d,
1pdn,
470d,
232d,
3exj,
3exl,
3kna,
3knc,
3k59,
3k58,
3knt,
3k57,
5m0j,
5m0h, 5m0h_0_1 5m0h_1_2
5m0i,
2h0z,
2h0x,
2h0s,
2h0w,
2h0n,
3k5m,
3k5l,
5e6m,
1l2d,
3k5y,
2kzm,
3k5z,
4nnu,
3k5q,
1l2x,
2h05,
3uxp,
4rby,
4rbz,
1jzv, 1jzv_0_1
4lvy, 4lvy_0_1
4rbq,
3dfx,
1eo3,
3mx9,
3orc,
2xo1,
2xo0,
3mx4,
2xo6,
2xqc,
4jrt,
3mxi,
4jrp,
4jrq,
3or3,
3mxa,
3mxb,
1eoo,
4rb1,
4rb2,
4rb3,
4jrd,
1eop,
4jrc,
4cei,
3npq,
4agz,
3npn,
4oe1,
1l2c,
1l2b,
3np6,
4d9y,
4d9x,
3wbm, 3wbm_0_1 3wbm_1_1
3wbo,
2kzz,
1zft,
129d,
1s72, 1s72_0_1 1s72_1_1 1s72_2_1 1s72_3_1 1s72_4_1 1s72_5_1 1s72_6_1 1s72_7_1 1s72_8_1 1s72_9_1 1s72_10_1 1s72_11_1 1s72_12_1 1s72_13_1 1s72_14_1 1s72_15_1 1s72_16_1 1s72_17_1 1s72_18_1 1s72_19_2 1s72_20_2 1s72_21_2 1s72_22_2 1s72_23_2 1s72_24_2 1s72_25_2 1s72_26_2 1s72_27_2 1s72_28_2 1s72_29_2 1s72_30_2 1s72_31_2 1s72_32_2 1s72_33_2 1s72_34_3 1s72_35_4 1s72_36_11
1s77,
1s76,
